videoId,title,url,publishedAt
4KE2oaS_fFg,गिधौरी बकरा मंडी बलौदाबाजार भाटापारा छत्तीसगढ़ #gidhouri_bakra_mandi #100nufarming #bakaramandi ,https://www.youtube.com/watch?v=4KE2oaS_fFg,2025-12-30T03:30:04Z
pj4xhlwTXaA,₹22 किलो मटर! 😱 अदरक और गोभी का भाव देखें 📉 30 Dec 2025 #mandibhav #chhattisgarh #vegitablemarket,https://www.youtube.com/watch?v=pj4xhlwTXaA,2025-12-30T12:27:14Z
wa812ibcVfI,"धान खरीदी: Chhattisgarh के किसानों के लिए बड़ी खुशखबरी, आदेश जारी | CG Dhan Kharidi Update",https://www.youtube.com/watch?v=wa812ibcVfI,2025-12-25T06:59:58Z
DAcLVQFBG9A,18 December 2025 आज का टमाटर भाव Dhamdha Mandi Chhattisgarh #Rohansabjiwala #cg #farming ,https://www.youtube.com/watch?v=DAcLVQFBG9A,2025-12-18T07:33:25Z
jDVtTR__LVk,16 दिसंबर 2025 आज सब्जी टमाटर ताजा थोक मंडी भाव राजनांदगांव सब्जी मंडी। today vegetable prices R.J.N,https://www.youtube.com/watch?v=jDVtTR__LVk,2025-12-16T06:53:27Z
9KS2nemPrDs,गोभी का मंडी भाव Dhamdha Mandi Chhattisgarh #Rohansabjiwala #cg #farming,https://www.youtube.com/watch?v=9KS2nemPrDs,2025-12-15T14:00:29Z
O_GLiv82tnI,आज का नीमच औषधि मंडी भाव | सभी औषधीय फसलों के ताजा रेट | Neemuch Oshdhi Mandi Today,https://www.youtube.com/watch?v=O_GLiv82tnI,2025-12-15T07:17:25Z
C5bMS0HQ9SA,टमाटर हुआ महंगा | भाटापारा सब्जी मंडी छत्तीसगढ़ | आज का मंडी भाव #nishadsabjivlog #vegitablemarket,https://www.youtube.com/watch?v=C5bMS0HQ9SA,2025-12-14T10:55:39Z
7nbwLKpGUwk,आज मक्का बेचें या रोकें? | Makka Mandi Bhav Today | MP–MH–CG–Chandigarh,https://www.youtube.com/watch?v=7nbwLKpGUwk,2025-12-08T09:30:03Z
DSrqgdVItaQ,8 December 2025 आज का tamatar भाव आज का Mandi भाव tomoto price today #Rohansabjiwala #cg #farming ,https://www.youtube.com/watch?v=DSrqgdVItaQ,2025-12-08T07:20:36Z
qcosJfjS47E,दुर्ग छत्तीसगढ़ सब्जी मंडी भाव 7 दिसंबर 2025 Aaj ke Sabzi Wholesale Rates by Goldy Bhai,https://www.youtube.com/watch?v=qcosJfjS47E,2025-12-07T14:22:26Z
_LG8dzECrSQ,आज का मक्का मंडी भाव 2025 | MP CG Chandigarh Latest Makka Rate Today | किसान जरूर देखें!,https://www.youtube.com/watch?v=_LG8dzECrSQ,2025-12-07T09:30:31Z
ea4bd4Ohj8g,7 December 2025 आज का tamatar भाव Dhamdha Mandi Chhattisgarh #Rohansabjiwala #cg #farming #food ,https://www.youtube.com/watch?v=ea4bd4Ohj8g,2025-12-07T07:03:34Z
2qNMNzlh1Qw,4 December 2025 आज का टमाटर भाव Dhamdha Mandi Chhattisgarh #Rohansabjiwala #cg #farming #food ,https://www.youtube.com/watch?v=2qNMNzlh1Qw,2025-12-04T07:39:17Z
ln4F-ojzT90,10000₹ बिकी आज मीठे नीम की पत्तियां 🤯🤯 ।। औषधि मंडी नीमच ।। Ashish Dhakad ।। Neemuch Mandi Bhav ,https://www.youtube.com/watch?v=ln4F-ojzT90,2025-12-03T08:14:59Z
wS8TMkXWZWA,शिमला मिर्ची का भाव नागपुर सब्जी मंडी capsicum rate wholesale Nagpur vegetables market 29/11/2025,https://www.youtube.com/watch?v=wS8TMkXWZWA,2025-11-30T03:36:01Z
rpcF44Bcfdk,29 नवंबर आज का गोभी का भाव गंडई  मंडी छत्तीसगढ़ #Rohansabjiwala #food #tomato #vegetables #mandi,https://www.youtube.com/watch?v=rpcF44Bcfdk,2025-11-29T06:09:34Z
y_aUk4YSTVA,28 नवंबर आज का टमाटर भाव Dhamdha Mandi Chhattisgarh #Rohansabjiwala #cg #farming #food #tomato,https://www.youtube.com/watch?v=y_aUk4YSTVA,2025-11-28T13:27:41Z
8ISpWlZ_BTI,20 November 2025 आज का टमाटर का भाव Dhamdha Mandi Chhattisgarh #Rohansabjiwala #cg #farming #food ,https://www.youtube.com/watch?v=8ISpWlZ_BTI,2025-11-20T07:30:04Z
EOeuGtm7rBc,"आलू,प्याज,लहसुन का थोक मार्केट ll होलसेल रेट कवर्धा में मील रहा है सस्ता kawardha chhattisgarh",https://www.youtube.com/watch?v=EOeuGtm7rBc,2025-11-15T01:29:51Z
dda3Wghp0T4,आज मंडी में सब्जियों के रेट गिर गए 😱 | सक्ती सब्जी मंडी (छत्तीसगढ़),https://www.youtube.com/watch?v=dda3Wghp0T4,2025-11-11T05:42:39Z
bq1qmPGrklc,7 November 2025 आज का टमाटर भाव Dhamdha Mandi Chhattisgarh #Rohansabjiwala #cg #farming #food ,https://www.youtube.com/watch?v=bq1qmPGrklc,2025-11-07T08:39:42Z
Cf8t7UNp4Rs,2 November 2025 आज का टमाटर भाव Tamatar सस्ता है आज #Rohansabjiwala #cg #farming #food #tomato ,https://www.youtube.com/watch?v=Cf8t7UNp4Rs,2025-11-02T08:12:26Z
SO56t32mUPo,Makka mandi bhav🌽आज मक्का क्या रेट बिका | Patan Jabalpur Mandi Makka ka bhav | Makke k bhav Nov 2025,https://www.youtube.com/watch?v=SO56t32mUPo,2025-11-01T10:33:17Z
Oj-ErsyKrJM,Makka mandi bhav🌽आज मक्का क्या रेट बिका | Patan Jabalpur Mandi Makka ka bhav | Makke k bhav Oct 2025,https://www.youtube.com/watch?v=Oj-ErsyKrJM,2025-10-31T14:52:59Z
aHzsW-Utwac,30 October 2025 आज का टमाटर भाव Aaj Ka Mandi Bhav Tomoto price today #Rohansabjiwala #cg #farming ,https://www.youtube.com/watch?v=aHzsW-Utwac,2025-10-30T07:45:40Z
C0URzWtEr2s,CG Dhan Kharidi 2025-26 | CG 1 ekad me Kitna Dhan Bechenge || CG Dhan Mandi Price 2025-26,https://www.youtube.com/watch?v=C0URzWtEr2s,2025-10-30T02:30:06Z
PgfUs01jEPk,29 October 2025 आज का tamatar भाव Aaj Ka Mandi Bhav #Rohansabjiwala #cg #farming #food #tomato ,https://www.youtube.com/watch?v=PgfUs01jEPk,2025-10-29T07:49:04Z
dmkkIFkjEu8,"Gold Rate Today, 15 august 2026 Aaj Ka Sone Ka Bhav | Aaj Sone Ka Bhav | Today Gold Rate",https://www.youtube.com/watch?v=dmkkIFkjEu8,2025-10-29T01:06:15Z
mosWiEX_tQk,28 October 2025 आज का टमाटर भाव Aaj ka mandi bhav #Rohansabjiwala #cg #food #tomato #vegetables ,https://www.youtube.com/watch?v=mosWiEX_tQk,2025-10-28T07:29:23Z
j0_G--Gq3uA,आज का tamatar भाव Dhamdha Mandi Chhattisgarh #Rohansabjiwala #cg #farming #food #tomato,https://www.youtube.com/watch?v=j0_G--Gq3uA,2025-11-25T12:23:50Z
ZlTkHgySBIg,"आज गोभी का भाव सब्जी मंडी माठ,खरोरा #chhattisgarh #sabjimandi #vegitablemarket",https://www.youtube.com/watch?v=ZlTkHgySBIg,2025-11-24T06:44:18Z
CfJIEu4wXgI,"20 November Tamatar Ka Bhav Sabji Mandi Math,Kharora #sabjimandi #tamatar #chhattisgarh #kharora",https://www.youtube.com/watch?v=CfJIEu4wXgI,2025-11-20T07:25:04Z
9-dftPTMzBo,आज धनिया भाव ₹160 बीका मंडी रेट आज का🔥cg vlog 💯#sorts #dhaniya #mrp #cgvlog,https://www.youtube.com/watch?v=9-dftPTMzBo,2025-11-07T13:56:25Z
FDN9r8VHADA,31 अक्टूबर आज का टमाटर भाव Dhamdha Mandi Chhattisgarh #Rohansabjiwala #cg #farming #food #tomato,https://www.youtube.com/watch?v=FDN9r8VHADA,2025-10-31T13:42:39Z
VqKbFPGbyTg,Chhattisgarh ka naya Aalu 🥔 aalu ka bhav 🥔 mandi bhav 🥔 barabanki news 🗞️ #ShafeeqBarabanki #aalu,https://www.youtube.com/watch?v=VqKbFPGbyTg,2025-10-30T03:03:53Z
FSLISSHEZaI,Chhattisgarh ka naya Aalu 🥔 aalu ka bhav 🥔 mandi bhav 🥔 barabanki news 🗞️ #ShafeeqBarabanki #aalu,https://www.youtube.com/watch?v=FSLISSHEZaI,2025-10-29T11:00:56Z
ypUv2ccEd7M,27 October 2025 आज टमाटर में तेजी है aaj ka mandi bhav #Rohansabjiwala #cg #food #tomato #vegetables,https://www.youtube.com/watch?v=ypUv2ccEd7M,2025-10-27T07:31:21Z
gZUpbldMO1k,26 October 2025 आज का tamatar का भाव Dhamdha Mandi Chhattisgarh #Rohansabjiwala #cg #farming #food ,https://www.youtube.com/watch?v=gZUpbldMO1k,2025-10-26T07:46:05Z
qaW-avGNbK4,CG Dhan Kharidi 2025 Price | CG Mandi 1 ekad ME Kitne Quintal Dhan Kharidi Hoga | Dhan Kharidi 2026,https://www.youtube.com/watch?v=qaW-avGNbK4,2025-10-26T02:55:14Z
L2LQKBRjoxw,धान - आज के मंडी भाव | 🌾🌾#mandibhav #paddy #paddyratetoday#paddyrate #mandibhavtoday#dhan #shorts,https://www.youtube.com/watch?v=L2LQKBRjoxw,2025-10-23T07:39:08Z
Cn1VUcsJss8,🌾 धान का मंडी भाव आज का || #dhan #paddyratetoday #mandibhav #paddy #paddyrate #mandi #farming #new,https://www.youtube.com/watch?v=Cn1VUcsJss8,2025-10-22T07:36:40Z
9wOjvf1vsZk,आज का tamatar भाव Dhamdha Mandi Chhattisgarh #Rohansabjiwala #cg #farming #food #tomato,https://www.youtube.com/watch?v=9wOjvf1vsZk,2025-10-19T14:41:56Z
ih-3YBa2tHA,17 अक्टूबर 2025 || कुक्षी मंडी में मक्का का भाव || kukshi Mandi bhav || Mkka ka video,https://www.youtube.com/watch?v=ih-3YBa2tHA,2025-10-19T09:18:08Z
ya4s7G5qjlY,18 अक्टूबर आज टमाटर मंहगा है aaj ka mandi bhav #Rohansabjiwala #cg #food #tomato #vegetables ,https://www.youtube.com/watch?v=ya4s7G5qjlY,2025-10-18T06:50:48Z
KZK7md5cZr4,17 October 2025 aaj ka tamatar bhav  aaj ka mandi bhav #Rohansabjiwala #cg #food #tomato #vegetables,https://www.youtube.com/watch?v=KZK7md5cZr4,2025-10-17T13:55:25Z
bMbJVWHjIac,"🌶️ आज का इंदौर मंडी भाव:लाल मिर्च – ₹14,490 प्रति क्विंटलस्वाद और रंग दोनों में बेमिसाल, लाल मिर्च",https://www.youtube.com/watch?v=bMbJVWHjIac,2025-10-17T13:03:52Z
7kxLlJ-Fz08,भाटापारा सब्जी मंडी भाव | करेला ₹45 किलो | छत्तीसगढ़ मंडी रेट आज का  #NishadSabjiVlog #mandibhav,https://www.youtube.com/watch?v=7kxLlJ-Fz08,2025-10-17T02:14:22Z
FUTzYVV4-_4,16 October 2025 आज का tamatar भाव आज का Mandi भाव #Rohansabjiwala #vlog #mandi #vegetables #tomoto ,https://www.youtube.com/watch?v=FUTzYVV4-_4,2025-10-16T07:42:18Z
t2vM0xctBJs,Tomato Price Today🍅| कुई सब्जी बाजार छत्तीसगढ़ में टमाटर के भाव🔥| Diwali market dull Kui Sabji bajar,https://www.youtube.com/watch?v=t2vM0xctBJs,2025-10-16T02:21:25Z
iFYLJx1BB2Y,दुर्ग छत्तीसगढ़ थोक सब्जियों का आज का भाव । Durg Chhattisgarh sabzi Mandi thok bhaw ,https://www.youtube.com/watch?v=iFYLJx1BB2Y,2025-10-12T10:36:58Z
NhzGkmfQZ0k,#खीरा#मंडीभाव#छत्तीसगढ़#सुरजपुर#सिलफिली#theagridoctorpk#वायरल#वायरलवीडियो#viral#होलसेलमार्केट#रेट,https://www.youtube.com/watch?v=NhzGkmfQZ0k,2025-10-11T14:21:29Z
jINT87GjF0w,11 October 2025 आज का tamatar भाव Aaj Ka mandi bhav #Rohansabjiwala #cg #food #tomato #vegetables ,https://www.youtube.com/watch?v=jINT87GjF0w,2025-10-11T07:18:27Z
HVwznI-pCLs,9 October 2025 आज का टमाटर भाव Aaj Ka Mandi Bhav #Rohansabjiwala #cg #farming #food #tomato #vlog ,https://www.youtube.com/watch?v=HVwznI-pCLs,2025-10-09T07:49:27Z
1MGU1bIWjkI,दुर्ग छत्तीसगढ़ सब्जी मंडी भाव durg Chhattisgarh sabzi Mandi thok rate ,https://www.youtube.com/watch?v=1MGU1bIWjkI,2025-10-05T10:31:04Z
jDNtLhrv4g0,"gold silver price Chhattisgarh,sone ka bhav, chandi ke bhav",https://www.youtube.com/watch?v=jDNtLhrv4g0,2025-10-04T12:30:52Z
jzo2oROFSoE,गेहूं 2026-2027 में का न्यूनतम समर्थन मूल्य कितना बढ़ा? gehu (wheat) ka samarthan mulya,https://www.youtube.com/watch?v=jzo2oROFSoE,2025-10-04T05:47:41Z
k3INGk7vaVA,aaj ka mandi bhav Dhamdha Mandi Chhattisgarh #Rohansabjiwala #cg #farming #food,https://www.youtube.com/watch?v=k3INGk7vaVA,2025-09-29T08:18:48Z
hwtwPew7e4k,28 सितंबर आज का Mandi भाव Dhamdha Mandi Chhattisgarh #Rohansabjiwala #cg #farming #food #tomato,https://www.youtube.com/watch?v=hwtwPew7e4k,2025-09-28T14:04:15Z
1Iq-VnSUCPI,28 September 2025 आज का tamatar भाव Dhamdha Mandi Chhattisgarh #Rohansabjiwala #cg #farming #food ,https://www.youtube.com/watch?v=1Iq-VnSUCPI,2025-09-28T07:31:26Z
DoTARoa0-vA,नई मक्का के ताजा भाव नीमच मंडी 26 सितंबर #sandeep #agriculturalsystem,https://www.youtube.com/watch?v=DoTARoa0-vA,2025-09-27T08:06:58Z
DH3ssIuQZ_M,"Ucha dih mandi bhav// मंडी भाव/24/09/2028 छत्तीसगढ़ में 🍅 किस भाव बिका  जाने आज, #mandibhav ",https://www.youtube.com/watch?v=DH3ssIuQZ_M,2025-09-24T10:31:12Z
NswxF1dlfpU,21 September 2025 आज का tamatar भाव Dhamdha Mandi Chhattisgarh #Rohansabjiwala #cg #farming #food ,https://www.youtube.com/watch?v=NswxF1dlfpU,2025-09-21T07:43:54Z
aUsqqN9lkiQ,Kui Sabji bajar छत्तीसगढ़ #tomatoprice #mandibhav #kisan _zindabad #mandibhavkisannews,https://www.youtube.com/watch?v=aUsqqN9lkiQ,2025-09-19T14:30:02Z
iO4i7U9wQNI,18 September 2025 आज का tamatar भाव टमाटर में तेजी है आज Dhamdha Mandi Chhattisgarh #Rohansabjiwala ,https://www.youtube.com/watch?v=iO4i7U9wQNI,2025-09-18T07:18:30Z
VprPaI7Exdc,18 सितंबर का मंडी भाव// उच्च डीह मंडी सूरजपुर//छत्तीसगढ़ मंडी भाव आज का// #mandibhav ,https://www.youtube.com/watch?v=VprPaI7Exdc,2025-09-18T06:38:53Z
oZkPBNThpPw,"😱 नीमच मंडी में सफेद मूसली ₹1,62,000 क्विंटल तक बिकी | Safed Musli Mandi Bhav 10 Sept 2025",https://www.youtube.com/watch?v=oZkPBNThpPw,2025-09-17T06:44:24Z
Wsyc1zdvJBw,उच्च डीह मंडी/मंडी भाव आज का 17 सितंबर 2025//#mandibhav छत्तीसगढ़ मंडी भाव/टमाटर का भाव आज का,https://www.youtube.com/watch?v=Wsyc1zdvJBw,2025-09-17T06:09:13Z
vXt8l3U4PyQ,दिनांक 17/09/2025 नया मॉल चिरायता औषधि मंडी नीमच भाव #मंडी#मंडीnews #मंडीभाव #mandi#america,https://www.youtube.com/watch?v=vXt8l3U4PyQ,2025-09-17T05:05:36Z
t5hzAh7gZPU,सिमला मिर्च का मंडी भाव । shimla mirch ka mandi bhav,https://www.youtube.com/watch?v=t5hzAh7gZPU,2025-09-16T05:54:30Z
Mq6ppzGs6i8,दुर्ग छत्तीसगढ़ सब्जी मंडी थोक भाव 14 सितंबर 2025 ,https://www.youtube.com/watch?v=Mq6ppzGs6i8,2025-09-15T03:42:33Z
R8CjNpASsIw,मंडी भाव छत्तीसगढ़// (13/09/2025) की ताजा भाव//#mandibhav //सभी सब्जियों के थोक भाव उच्च डीह मंडी ,https://www.youtube.com/watch?v=R8CjNpASsIw,2025-09-13T05:20:58Z
ScUKtLxo9mE,आज लहसुन का मंडी भाव | Garlic Mandi Bhav Today | लहसुन मंडी रेट 2025,https://www.youtube.com/watch?v=ScUKtLxo9mE,2025-09-11T08:22:19Z
rJQtNa0JOig,मंडी भाव छत्तीसगढ़/ उच्च डीह मंडी सूरजपुर/सबसे सस्ता टमाटर आज/#mandibhav ,https://www.youtube.com/watch?v=rJQtNa0JOig,2025-09-11T05:51:22Z
I2njNTEKR-s,#छत्तीसगढ़#अदरक#का#वायरल#मंडी#भाव#सुरजपुर#सिलफिली#वायरलवीडियो#viral#viralvideo#theagridoctorpk#info,https://www.youtube.com/watch?v=I2njNTEKR-s,2025-09-03T18:04:27Z
ZP7-FKQVkjM,3 September 2025 कुई सब्जी बाजार छत्तीसगढ़। #mandibhav #vegetableprice #kisannews,https://www.youtube.com/watch?v=ZP7-FKQVkjM,2025-09-03T17:07:03Z
TgxqIqr1A78,03 सितम्बर 2025 महासमुन्द सब्जी मंडी छत्तीसगढ़ जाने आज का बजार भाव ,https://www.youtube.com/watch?v=TgxqIqr1A78,2025-09-03T13:54:48Z
6YiXLZSFKAc,3 September 2025 आज का tamatar भाव Gandai mandi Chhattisgarh #Rohansabjiwala #cg #farming #food ,https://www.youtube.com/watch?v=6YiXLZSFKAc,2025-09-03T06:00:44Z
rwvIfww7RBw,1 September 2025 आज का Mandi भाव Aaj Ka Tamatar Bhav tomoto price today #Rohansabjiwala ,https://www.youtube.com/watch?v=rwvIfww7RBw,2025-09-01T08:33:51Z
4ecwlXbBc_A,देखिये कुरुद मंडी मे धान की बोली#kishan #cg #chhattisgarh #mandi #kurud,https://www.youtube.com/watch?v=4ecwlXbBc_A,2025-09-01T04:23:33Z
0lz6vymotOU,दुर्ग छत्तीसगढ़ सब्जी मंडी थोक भाव 31 अगस्त 2025। Durg sabji Mandi thok Bhav. Wholesale Mandi Rates,https://www.youtube.com/watch?v=0lz6vymotOU,2025-08-31T13:36:00Z
MZnNRHHOoeU,27 अगस्त 2025 कुई सब्जी बाजार छत्तीसगढ़। #mandibhav #vegetableprice #kisannews,https://www.youtube.com/watch?v=MZnNRHHOoeU,2025-08-31T02:58:09Z
ellr7xYaAZY,सब्जी बाजार कुई छत्तीसगढ़ आज टमाटर ₹750/कैरेट रहा। #mandibhav #kisannews  #kisan_zindabad,https://www.youtube.com/watch?v=ellr7xYaAZY,2025-08-31T02:41:36Z
CURSpjw1_o8,31August2025 सब्जी बाजार कुई छत्तीसगढ़ आज टमाटर ₹750/कैरेट रहा #mandibhav #kisannews #kisan_zindabad,https://www.youtube.com/watch?v=CURSpjw1_o8,2025-08-31T02:16:24Z
FXrSSP6eHOI,30 August 2025 आज का टमाटर भाव Aaj Ka Mandi Bhav Gandai mandi Chhattisgarh #Rohansabjiwala ,https://www.youtube.com/watch?v=FXrSSP6eHOI,2025-08-30T06:43:30Z
IIGjjXdPABU,"जानिए आज का टमाटर व सब्जियों का क्या भाव है थोक सब्जी मंडी गंडई,छत्तीसगढ़ sabji mandi gandai ",https://www.youtube.com/watch?v=IIGjjXdPABU,2025-08-29T05:11:08Z
z7uohSV-MhA,सब्जी बाजार कुई छत्तीसगढ़ आज टमाटर ₹750/कैरेट रहा। #mandibhav #kisannews  #kisan_zindabad,https://www.youtube.com/watch?v=z7uohSV-MhA,2025-08-28T01:44:23Z
SS-JoUj5GIc,#लौकी#का#ताज़ा#मंडी#थोक#भाव#सिलफिली#मंडी#छत्तीसगढ़#theagridoctorpk#viralvideo #वायरलवीडियो#viral,https://www.youtube.com/watch?v=SS-JoUj5GIc,2025-08-27T15:15:19Z
2s3wKexn-Ds,🔥 बाग मंडी से LIVE | आज मक्का का रेट कितना है? | Maize Price Update 2025,https://www.youtube.com/watch?v=2s3wKexn-Ds,2025-08-27T13:16:58Z
2UaHYbSS_N8,27 अगस्त 2025 कुई सब्जी बाजार छत्तीसगढ़। #mandibhav #vegetableprice #kisannews,https://www.youtube.com/watch?v=2UaHYbSS_N8,2025-08-27T11:14:46Z
da5HvuMrHuA,27 August 2025 आज का Mandi भाव Aaj Ka Tamatar Bhav Dhamdha mandi Chhattisgarh #Rohansabjiwala ,https://www.youtube.com/watch?v=da5HvuMrHuA,2025-08-27T08:40:17Z
BFDp4YZ_TPY,सब्जी बाजार कुई छत्तीसगढ़ आज टमाटर ₹750/कैरेट रहा। #mandibhav #kisannews  #kisan_zindabad,https://www.youtube.com/watch?v=BFDp4YZ_TPY,2025-08-22T09:23:00Z
pZolptNRcT8,21 August 2025 आज का Mandi भाव भिलाई मंडी छत्तीसगढ़ tomoto price today #Rohansabjiwala ,https://www.youtube.com/watch?v=pZolptNRcT8,2025-08-21T07:32:07Z
Nw2ayyBUBEk,कद्दू का भाव 🧅kaddu ka bhav 🥒 mandi news 🗞️#shafeeqmohammad #kaddu #mandibhav #barabanki,https://www.youtube.com/watch?v=Nw2ayyBUBEk,2025-08-20T11:34:35Z
PTVubovMV-E,13 August 2025 आज का Mandi भाव Aaj Ka Tamatar Bhav Dhamdha mandi Chhattisgarh #Rohansabjiwala ,https://www.youtube.com/watch?v=PTVubovMV-E,2025-08-13T07:30:39Z
XEHROPRhE30,10 August 2025 आज का मंडी भाव आज का टमाटर भाव Dhamdha Mandi Chhattisgarh #Rohansabjiwala ,https://www.youtube.com/watch?v=XEHROPRhE30,2025-08-10T08:08:55Z
tKsTAUMpiac,छिंदवाड़ा मंडी भाव 🌾 गेहूं 🌾 08/08/2025 #छिंदवाड़ा #मंडीभावअपडेट #अनाजमंडीभाव#मंडी_न्यूज़ #farming,https://www.youtube.com/watch?v=tKsTAUMpiac,2025-08-08T08:30:29Z
37whh8D7eww,6 August 2025 आज का मंडी भाव tomoto price today Dhamdha Mandi Chhattisgarh #Rohansabjiwala ,https://www.youtube.com/watch?v=37whh8D7eww,2025-08-06T07:53:57Z
0B-3jAi8Hh8,"Tifra Bilaspur sabji mandi 2025 ll तिफरा बिलासपुर सब्जी मंडी 2025 देखिए, आज का रेट ",https://www.youtube.com/watch?v=0B-3jAi8Hh8,2025-08-06T07:38:46Z
zo-KQK65cjo,3 August 2025 आज का Mandi भाव Aaj Ka Tamatar Bhav Dhamdha mandi Chhattisgarh #Rohansabjiwala ,https://www.youtube.com/watch?v=zo-KQK65cjo,2025-08-03T07:31:50Z
ja3_I22Y4rk,27 July 2025 आज का Mandi भाव आज का tamatar भाव Dhamdha Mandi Chhattisgarh #Rohansabjiwala,https://www.youtube.com/watch?v=ja3_I22Y4rk,2025-07-27T07:43:46Z
5N0dYx_yzag,21 July 2025 Aaj ka Mandi Bhav टमाटर भाव dhamdha mandi chhattisgarh Rohan sabjiwala,https://www.youtube.com/watch?v=5N0dYx_yzag,2025-07-21T11:23:58Z
SzbRjWuWPSw,18 July 2025 आज का मंडी भाव Aaj Ka Tamatar Bhav tomoto price today #Rohansabjiwala,https://www.youtube.com/watch?v=SzbRjWuWPSw,2025-07-18T08:26:57Z
Hbw5UZBtPeM,17 July 2025 आज का टमाटर भाव Aaj Ka Mandi Bhav Tomoto price today #Rohansabjiwala Dhamdha Mandi,https://www.youtube.com/watch?v=Hbw5UZBtPeM,2025-07-17T07:41:05Z
lGxQqgGCCbM,आज कद्दू लोडिंग कराया हूँ बाड़ी से cg vlog video #Rohansabjiwala,https://www.youtube.com/watch?v=lGxQqgGCCbM,2025-07-16T05:50:38Z
mSVFBjrI27Y,13 July 2025 आज का मंडी भाव Tamatar Bhav Dhamdha mandi Chhattisgarh #Rohansabjiwala,https://www.youtube.com/watch?v=mSVFBjrI27Y,2025-07-13T08:12:26Z
NGZX0J-iX3U,12 July 2025 आज का टमाटर भाव Aaj Ka Mandi Bhav Tomoto price today #Rohansabjiwala,https://www.youtube.com/watch?v=NGZX0J-iX3U,2025-07-12T07:32:10Z
u7L-6SpLsuU,नीमच औषधि मंडी में काली हल्दी का भाव ।। औषधि मंडी नीमच ।। Neemuch Mandi Bhav,https://www.youtube.com/watch?v=u7L-6SpLsuU,2025-07-11T12:23:27Z
ipIWNLDZ_bk,11 July 2025 आज का टमाटर भाव Aaj Ka Mandi Bhav Tomoto price today #Rohansabjiwala,https://www.youtube.com/watch?v=ipIWNLDZ_bk,2025-07-11T08:36:27Z
bMd_SkFXI80,11 July 2025 150 एकड़ में लगा है करेला aaj ka mandi bhav cg vlog video #Rohansabjiwala,https://www.youtube.com/watch?v=bMd_SkFXI80,2025-07-11T06:00:02Z
w03T6iorZbM,Live Mandi Bhav Kaise Dekhein? | रोज़ाना मंडी रेट कैसे देखें? | AgriDoot App Ka Use,https://www.youtube.com/watch?v=w03T6iorZbM,2025-07-03T11:58:49Z
e9KrMaU5sNk,भारत में सोने की कीमत | 24 कैरेट सोना का भाव | Aaj ka Sone ka Bhav 🚀📊.,https://www.youtube.com/watch?v=e9KrMaU5sNk,2025-06-24T17:08:33Z
q8nUQ1OxGlg,13 जून आज का tamatar भाव Dhamdha Mandi Chhattisgarh #Rohansabjiwala,https://www.youtube.com/watch?v=q8nUQ1OxGlg,2025-06-13T06:57:32Z
W9imkEdDBxY,मूंग का भाव दादाजी @Karelimandi #live #shorts #ytshorts #youtubeshorts #kareli #mandibhav #kissan,https://www.youtube.com/watch?v=W9imkEdDBxY,2025-06-11T09:58:40Z
21GAYwpjVcY,छत्तीसगढ़ कवर्धा सब्ज़ी मंडी #vairalvideo #chhattisgarh,https://www.youtube.com/watch?v=21GAYwpjVcY,2025-06-10T02:20:17Z
FFOdNRiWO2A,अरहर ताजा भाव किसान साथी #live #farming #mandibhav #agriculture #dailyshorts #kissan #agro,https://www.youtube.com/watch?v=FFOdNRiWO2A,2025-06-09T10:56:53Z
Lu-bayu-fWQ,नीमच मंडी भाव । सफेद मूसली । औषधीय फसलों के भाव । neemuch Mandi bhav #shorts,https://www.youtube.com/watch?v=Lu-bayu-fWQ,2025-06-06T03:34:17Z
16NE7Pw6DwM,नीमच मंडी भाव । महुआ फूल । औषधीय फसलों के भाव । neemuch Mandi bhav #shorts,https://www.youtube.com/watch?v=16NE7Pw6DwM,2025-06-06T03:33:32Z
zkuFypSimFA,छत्तीसगढ़ कवर्धा सब्ज़ी मंडी #chhattisgarh #vairalvideo ##vairalvideo #kawardhavlogs #trending,https://www.youtube.com/watch?v=zkuFypSimFA,2025-06-02T02:40:57Z
DxzgP1VSkOg,नीमच मंडी भाव । पोस्ता दाना । औषधीय फसलों के भाव । neemuch Mandi bhav #shorts,https://www.youtube.com/watch?v=DxzgP1VSkOg,2025-05-29T10:37:09Z
WzzJlqXDnRQ,नीमच मंडी भाव । लिपटिस पत्ती । औषधीय फसलों के भाव । neemuch Mandi bhav #shorts,https://www.youtube.com/watch?v=WzzJlqXDnRQ,2025-05-28T03:46:34Z
LDrOG9LQ5NU,आज का रायपुर मंडीभाव में गेहूं का भाव । तेजी के साथ। #मंडीभाव #गेहूं #रायपुर_मंडी_भाव,https://www.youtube.com/watch?v=LDrOG9LQ5NU,2025-05-20T00:51:19Z
evhugdxuFpg,अश्वगंधा के ताजा भाव नीमच मंडी #sandeep #agriculture #agriculturefarming,https://www.youtube.com/watch?v=evhugdxuFpg,2025-05-15T04:29:34Z
DsenHS9K10s,7 मई 2025 चिरायता बीज 71000/-🤑 #shorts #neemuchmandibhav #youtube,https://www.youtube.com/watch?v=DsenHS9K10s,2025-05-07T06:43:06Z
k7xmnqfx7Ng,सबसे सस्ता प्याज🧅 onion rate today 🧅 pyaj ka bhav🧅sabji mandi bhav🧅 #shafeeqmohammad #onionratetoday,https://www.youtube.com/watch?v=k7xmnqfx7Ng,2025-05-04T09:40:29Z
-BwaTTPu_ew,04 मई 2025 आज का टमाटर भाव Dhamdha Mandi Chhattisgarh #Rohansabjiwala,https://www.youtube.com/watch?v=-BwaTTPu_ew,2025-05-04T06:48:28Z
RlS5cVsHT2E,गोभी का मंडी भाव जानकर हैरान हो जाएंगे भिलाई सब्जी मंडी छत्तीसगढ़ #bhilai #gobhikamandibhav,https://www.youtube.com/watch?v=RlS5cVsHT2E,2025-05-04T02:34:46Z
ln6pWRfo-jo,super shankar lahsun bhav mandi bhav सुपर शंकर लहसुन बीज mp me He #trending #garlic,https://www.youtube.com/watch?v=ln6pWRfo-jo,2025-04-29T16:40:39Z
LYwc7lbopu8,रायपुर मंडी में गेहूं का भाव। सही भाव सही जानकारी।,https://www.youtube.com/watch?v=LYwc7lbopu8,2025-04-29T05:09:27Z
RhCYXyvOCJ8,aaj ka tamatar bhav 27 अप्रैल 2025 Dhamdha Mandi Chhattisgarh #Rohansabjiwala,https://www.youtube.com/watch?v=RhCYXyvOCJ8,2025-04-27T04:50:05Z
4mdbQOxflPQ,10 July 2025 आज का टमाटर भाव aaj ka mandi bhav #Rohansabjiwala Dhamdha Mandi Chhattisgarh,https://www.youtube.com/watch?v=4mdbQOxflPQ,2025-07-10T07:43:57Z
aw_X8UjRSz0,8 July 2025 आज का tamatar भाव आज का Mandi भाव tomoto price today Rohansabjiwala,https://www.youtube.com/watch?v=aw_X8UjRSz0,2025-07-08T08:10:09Z
35OLZHDIazk,6 July 2025 आज का मंडी भाव tomoto price today Dhamdha Mandi Chhattisgarh #Rohansabjiwala,https://www.youtube.com/watch?v=35OLZHDIazk,2025-07-06T07:33:01Z
onH-ypfDp1A,30 June 2025 Aaj Ka Tamatar Bhav करेला थोड़ा डाउन है आज Dhamdha Mandi Chhattisgarh #Rohansabjiwala,https://www.youtube.com/watch?v=onH-ypfDp1A,2025-06-30T07:31:21Z
DUc19En6yFQ,29 June 2025 आज का टमाटर भाव करेला मंहगा है Dhamdha Mandi Chhattisgarh #Rohansabjiwala,https://www.youtube.com/watch?v=DUc19En6yFQ,2025-06-29T08:57:51Z
QQ7q8IBCuao,26 June 2025 आज का टमाटर भाव Aaj Ka Mandi Bhav Dhamdha Mandi Chhattisgarh #Rohansabjiwala,https://www.youtube.com/watch?v=QQ7q8IBCuao,2025-06-26T08:00:51Z
Lci_ZkopE2E,23 June 2025 आज का टमाटर भाव  Aaj ka mandi bhav Dhamdha Mandi Chhattisgarh #Rohansabjiwala,https://www.youtube.com/watch?v=Lci_ZkopE2E,2025-06-23T07:43:09Z
Psa8WDym-H4,22 June 2025 आज का टमाटर भाव aaj ka mandi bhav  Dhamdha Mandi Chhattisgarh #Rohansabjiwala,https://www.youtube.com/watch?v=Psa8WDym-H4,2025-06-22T07:45:22Z
9OEKuDGwbPM,19 June 2025 आज का टमाटर भाव मंडी भाव tomoto price today Rohansabjiwala cg vlog video,https://www.youtube.com/watch?v=9OEKuDGwbPM,2025-06-19T07:30:13Z
Ca7t866DHSk,18 June 2025 आज का टमाटर भाव aaj ka mandi bhav Gandai mandi  tomoto price today #Rohansabjiwala,https://www.youtube.com/watch?v=Ca7t866DHSk,2025-06-18T07:30:55Z
s7qEFuqGx-A,"आलू,प्याज, लहसून के थोक एवं फुटकर विक्रेता कवर्धा छत्तीसगढ़  सस्ता रेट में मील रहा है chhattisgarh",https://www.youtube.com/watch?v=s7qEFuqGx-A,2025-06-18T01:29:54Z
XHLf3Z38Tcs,17 June 2025 आज का टमाटर भाव Dhamdha Mandi Chhattisgarh tomoto price today #Rohansabjiwala,https://www.youtube.com/watch?v=XHLf3Z38Tcs,2025-06-17T08:27:03Z
X9f7I6VbZMs,दुर्ग छत्तीसगढ़ सब्जी मंडी थोक भाव 17 जून 2025,https://www.youtube.com/watch?v=X9f7I6VbZMs,2025-06-17T05:15:32Z
8I8EGLbLc0s,कवर्धा जिला के सब्जी मंडी में सब्जी का क्या भाव है//टमाटर 500-700 रूपये कैरेट kawardha chhattisgarh,https://www.youtube.com/watch?v=8I8EGLbLc0s,2025-06-14T01:29:53Z
jw9_FcEkzIs,इस पेड़ की सुखी पत्तियां के भाव देखकर आप हैरान रह जाओगे🤯🤯 ।। Aushadhi Mandi Neemuch ।। Neemuch Mandi,https://www.youtube.com/watch?v=jw9_FcEkzIs,2025-06-13T07:32:17Z
sCvMrVVnCac,3 June 2025 आज का टमाटर भाव tomoto price today Dhamdha Mandi Chhattisgarh #Rohansabjiwala,https://www.youtube.com/watch?v=sCvMrVVnCac,2025-06-03T07:30:27Z
MogWEBJUT14,2 जुन 2025 आज का टमाटर भाव Dhamdha Mandi Chhattisgarh #Rohansabjiwala tomoto price today,https://www.youtube.com/watch?v=MogWEBJUT14,2025-06-02T09:46:21Z
7tBvcWAaBLc,31 May 2025 आज का टमाटर भाव जाने टमाटर सस्ता है या मंहगा Gandai Mandi Chhattisgarh #Rohansabjiwala,https://www.youtube.com/watch?v=7tBvcWAaBLc,2025-05-31T07:30:55Z
9XOw8TZ7BlY,फल मंडी पावर हाऊस भिलाई छत्तीसगढ़ hapush aam sabse mahnga Rohansabjiwala,https://www.youtube.com/watch?v=9XOw8TZ7BlY,2025-05-26T04:50:27Z
pElPm32R14E,किसी भी मंडी का भाव कैसे देखें || Mandi Ke Live Bhav Kaise Dekhe || How To Today Mandi Rate,https://www.youtube.com/watch?v=pElPm32R14E,2025-05-21T10:49:20Z
LYwc7lbopu8,रायपुर मंडी में गेहूं का भाव। सही भाव सही जानकारी।,https://www.youtube.com/watch?v=LYwc7lbopu8,2025-04-29T05:09:27Z
RhCYXyvOCJ8,aaj ka tamatar bhav 27 अप्रैल 2025 Dhamdha Mandi Chhattisgarh #Rohansabjiwala,https://www.youtube.com/watch?v=RhCYXyvOCJ8,2025-04-27T04:50:05Z
JU0YqA35esg,24/04/2025 टमाटर भाव भाटापारा सब्जी मंडी छत्तीसगढ़ #erndanabhav #indianmarke #viralvideo #sabjimandi,https://www.youtube.com/watch?v=JU0YqA35esg,2025-04-24T07:04:10Z
iMAi5m97BHA,22 अप्रैल 2025 अश्वगंधा भाव 30900/-🤑#shortsfeed #shorts #youtubeshorts #neemuchmandibhav,https://www.youtube.com/watch?v=iMAi5m97BHA,2025-04-22T05:53:51Z
06wg27ElY5w,मंदसौर मंडी भाव । Mandsor Mandi Bhav,https://www.youtube.com/watch?v=06wg27ElY5w,2025-04-21T16:57:02Z
BcE3kYcoitI,20 अप्रैल 2025 aaj ka tamatar ka bhav Dhamdha Mandi Chhattisgarh #Rohansabjiwala,https://www.youtube.com/watch?v=BcE3kYcoitI,2025-04-20T06:52:21Z
xaw-Fr8K8rc,खरबूजा का मंडी भाव जानकर हैरान हो जाएंगे #kharbuja #kharbujakikheti,https://www.youtube.com/watch?v=xaw-Fr8K8rc,2025-04-18T02:25:34Z
ElSs4CvD1JI,मूंग का भाव 2025 | मूंग का भाव मंडी | today mandi bhav | #shorts #मूंग #मूंगकाभाव #मंडीभाव,https://www.youtube.com/watch?v=ElSs4CvD1JI,2025-04-11T15:38:39Z
3qRTtbddTRg,कटहल सस्ता है भिलाई मंडी छत्तीसगढ़ #Rohansabjiwala,https://www.youtube.com/watch?v=3qRTtbddTRg,2025-04-09T13:25:32Z
Pn87C8q6a_Q,9 April 2025  भिलाई पावर हाऊस फल मंडी छत्तीसगढ़ यहाँ सस्ता मिलेगा फल #Rohansabjiwala,https://www.youtube.com/watch?v=Pn87C8q6a_Q,2025-04-09T06:00:12Z
zIX6FSzrLHA,आम का मंडी भाव भिलाई छत्तीसगढ़ #आम #aam #cgvideos #cgkisangitesh,https://www.youtube.com/watch?v=zIX6FSzrLHA,2025-04-08T02:58:06Z
WC_P7b9_5N8,नीमच औषधि मंडी यह काम कर लो लखपति बनने से कोई नहीं रोक सकता । Neemuch Mandi bhav,https://www.youtube.com/watch?v=WC_P7b9_5N8,2025-04-03T08:00:59Z
eha_CLIDMmg,नीमच औषधि मंडी भाव । हरा धतूरा । औषधीय फसलों के भाव । neemuch Mandi bhav #shorts,https://www.youtube.com/watch?v=eha_CLIDMmg,2025-04-03T03:15:57Z
rjo6U6fyweE,फल मंडी लालपुर रायपुर छत्तीसगढ़ #Rohansabjiwala,https://www.youtube.com/watch?v=rjo6U6fyweE,2025-04-02T01:36:22Z
vS-Fuv457zE,बरबटी का मंडी भाव छत्तीसगढ़ भिलाई सब्जी मंडी #बरबटी #barbati #cgkisan,https://www.youtube.com/watch?v=vS-Fuv457zE,2025-04-01T03:26:36Z
ia8UN-PcSNM,भिंडी का मंडी भाव #cg #bhindi #भिंडी_की_खेती #bhilai,https://www.youtube.com/watch?v=ia8UN-PcSNM,2025-03-29T04:57:49Z
dqgJDVW0SZ0,चना का भाव 2025 | चना मंडी भाव | #shorts #mandibhav #चना_भाव  #chanabhav,https://www.youtube.com/watch?v=dqgJDVW0SZ0,2025-03-27T16:24:31Z
bBEj2Kr73-o,नीमच औषधि मंडी आपको जेल की सेर भी कर सकती है 🤯🤯 ।। नीमच मंडी भाव ।। Neemuch Mandi Bhav,https://www.youtube.com/watch?v=bBEj2Kr73-o,2025-03-26T09:00:06Z
-wmONPB4HhM,tamater Bhav aaj ka mandi bhav Dhamdha Mandi Chhattisgarh #Rohansabjiwala,https://www.youtube.com/watch?v=-wmONPB4HhM,2025-03-24T06:56:53Z
N70WVntzBbg,मुंगेली मंडी भाव ||तिवरा के भाव || तिवरा के ओनहारी 😁SP. PATRE vlog,https://www.youtube.com/watch?v=N70WVntzBbg,2025-03-23T01:46:50Z
TxU-jgJTijE,कटहल का मंडी भाव #कटहल #kathal #bhilaisabjimndi,https://www.youtube.com/watch?v=TxU-jgJTijE,2025-03-19T01:29:56Z
4M28XkoXKPw,लाल चिरमी क्या भाव बिकती हैं? ।। #shorts #neemuchmandibhav #farming,https://www.youtube.com/watch?v=4M28XkoXKPw,2025-03-17T12:06:52Z
KD2JiJlQPoQ,17 March 2025 आज क्या भाव बिका टमाटर tomoto price today Aaj ka mandi bhav #Rohansabjiwala,https://www.youtube.com/watch?v=KD2JiJlQPoQ,2025-03-17T07:30:41Z
UI0a-Po9gbg,नए चने का भाव मंडी भाव | chane ka bhav today 2025 #chana #मंडीभाव #shorts #chanabhav,https://www.youtube.com/watch?v=UI0a-Po9gbg,2025-03-13T18:18:39Z
_z_qT8Jm_uM,हरी मिर्च महंगा हो गया भाटापारा सब्जी मंडी छत्तीसगढ़ #viralvideo #erndanabhav #mandibhav #minivlog,https://www.youtube.com/watch?v=_z_qT8Jm_uM,2025-03-12T00:55:00Z
SbdfbN27XSA,नए सरसों भाव | सरसों का भाव मंडी भाव #sarson #shorts #mandibhav,https://www.youtube.com/watch?v=SbdfbN27XSA,2025-03-10T12:21:10Z
6x-2cNvXEso,Dhamdha Mandi Chhattisgarh टमाटर 80 रू कैरेट aaj ka mandi bhav tomoto price today ##Rohansabjiwala,https://www.youtube.com/watch?v=6x-2cNvXEso,2025-03-09T04:59:24Z
W4U6Z9PAP3c,"Aaj Ka Gehun Ka Bhav 13 जुलाई 2026; आज का गेहूं का मंडी भाव 2026,wheat price Today, gehoon ka rate",https://www.youtube.com/watch?v=W4U6Z9PAP3c,2025-03-08T07:04:46Z
ImnYW1UUAnA,नीमच औषधि मंडी भाव । नीम पत्ती । औषधीय फसलों के भाव । neemuch Mandi bhav #shorts,https://www.youtube.com/watch?v=ImnYW1UUAnA,2025-03-07T12:59:01Z
ZHCR-c06a_0,Ashwagandha neemuch mandi bhav 07 March 2025 #ashwagandha #neemuchmandibhav #ashwagandhabhav,https://www.youtube.com/watch?v=ZHCR-c06a_0,2025-03-07T08:32:49Z
hYP6gE7T4YY,#06/03/25भाटापारा मंडी भाव#bhatapara mandi bhav#dhan#farming#bhataparamandibhav,https://www.youtube.com/watch?v=hYP6gE7T4YY,2025-03-06T14:53:41Z
Hz83pP1rMO8,नीमच औषधि मंडी भाव । औषधीय फसलों के भाव । neemuch Mandi bhav #shorts,https://www.youtube.com/watch?v=Hz83pP1rMO8,2025-03-05T09:44:01Z
QdoBsgZbQ40,"13 अगस्त 2026  गेहूँ का भाव गेहूँ के भाव में तूफानी तेजी देखें भाव, Gehu ka Bhav,Wheat rate today",https://www.youtube.com/watch?v=QdoBsgZbQ40,2025-03-01T07:20:48Z
_anBtrNJ3gs,26 February 2025 टमाटर पानी के भाव बिक रहा है धमधा मंडी छत्तीसगढ़ tomoto price today #Rohansabjiwala,https://www.youtube.com/watch?v=_anBtrNJ3gs,2025-02-26T07:31:06Z
cjatiP7-IP8,23 February 2025  आज का मंडी भाव गोभी 5 रू किलो tomoto price today aaj ka mandi bhav #Rohansabjiwala,https://www.youtube.com/watch?v=cjatiP7-IP8,2025-02-23T07:33:56Z
M0k3jDLNu-0,Tamater mahga ho gaya hai aaj ka mandi bhav ##Rohansabjiwala,https://www.youtube.com/watch?v=M0k3jDLNu-0,2025-02-21T06:13:21Z
MP0DKBMP-G8,मिर्ची मंडी नागपुर aaj ka mandi bhav #Rohansabjiwala नागपुर मंडी,https://www.youtube.com/watch?v=MP0DKBMP-G8,2025-02-14T07:31:22Z
PkF2dY-3e68,नीमच औषधि मंडी भाव । औषधीय फसलों के भाव । neemuch Mandi bhav #shorts,https://www.youtube.com/watch?v=PkF2dY-3e68,2025-02-12T03:03:02Z
SGp2_Mf3jUg,09 फरवरी 2025 धमधा मंडी छत्तीसगढ़ aaj ka mandi bhav tomoto price today ##Rohansabjiwala,https://www.youtube.com/watch?v=SGp2_Mf3jUg,2025-02-09T07:31:11Z
YPgsR83LEvc,"जानिए सुपर पेंशील मटर का भाव नागपूर मंडी supar pencil, matar ka bhav Nagpur mandi ￼8 February 2025",https://www.youtube.com/watch?v=YPgsR83LEvc,2025-02-08T06:29:02Z
IIa3LY_lFHs,गंडई मंडी छत्तीसगढ़ tomoto price today aaj ka mandi bhav #Rohansabjiwala,https://www.youtube.com/watch?v=IIa3LY_lFHs,2025-02-08T04:58:34Z
dDImrOd40ic,7 February 2025 क्या है आज का मंडी भाव tomoto price today aaj ka mandi bhav #Rohansabjiwala,https://www.youtube.com/watch?v=dDImrOd40ic,2025-02-07T07:38:24Z
TXm5RiHsVnI,नीमच औषधि मंडी भाव। तुलसी पत्ती । औषधीय फसलों के भाव । neemuch mandi bhav #shorts,https://www.youtube.com/watch?v=TXm5RiHsVnI,2025-01-31T03:19:01Z
Xwnvto3KIas,"30 January 2025 आज का मंडी भाव पहाड़िया मंडी वाराणसी, today Tomato price",https://www.youtube.com/watch?v=Xwnvto3KIas,2025-01-30T06:01:29Z
y1OJb7dHcGI,"प्याज मंडी भाव आज का, alwar pyaj mandi bhav today #latestnews #shorts #अलवरप्याज़मंडीभावआज #pyaj",https://www.youtube.com/watch?v=y1OJb7dHcGI,2025-01-29T10:10:01Z
PXrN8o82AW0,फल मंडी नागपुर संतरा सस्ता है यहाँ #Rohansabjiwala,https://www.youtube.com/watch?v=PXrN8o82AW0,2025-01-29T07:04:30Z
6y4HCQsSSw8,आलू प्याज और लहसून का थोक भाव नागपुर मंडी #Rohansabjiwala,https://www.youtube.com/watch?v=6y4HCQsSSw8,2025-01-28T04:31:22Z
O0zAdY8mhdQ,24/1/2025 सब्जी थोक भाव भाटापारा सब्जी मंडी छत्तीसगढ़ #viralvideo #vlog #sabjimandibhavtoday,https://www.youtube.com/watch?v=O0zAdY8mhdQ,2025-01-26T07:05:55Z
hEV06_7TVDc,रायपुर मंडी में सफेद मक्का का भाव। किसान भाई वीडियो पूरी देख। #today #viralvideo,https://www.youtube.com/watch?v=hEV06_7TVDc,2025-01-23T10:38:23Z
klmwYXdbiAE,नई देसी लहसुन का भाव मंदसौर मंडी भाव लहसुन का #nimach #garlicprice #lahsun,https://www.youtube.com/watch?v=klmwYXdbiAE,2025-01-18T02:30:28Z
lOB4HbzAGCM,😱 टमाटर🍅  तिफरा सब्जी मंडी बिलासपुर छत्तीसगढ़,https://www.youtube.com/watch?v=lOB4HbzAGCM,2025-01-17T13:38:19Z
siVF5git_FE,16/1/2025 सब्जी थोक भाव भाटापारा सब्जी मंडी छत्तीसगढ़ #sabjimandibhavtoday #Nishadsabjivolgs,https://www.youtube.com/watch?v=siVF5git_FE,2025-01-16T11:03:48Z
7Ht_P7iiBqk,🌏 Asia&#39;s Biggest Tamarind 🥜 Market Bastar Chhattisgarh ! #shorts #bastar #tamarind #chhattisgarh,https://www.youtube.com/watch?v=7Ht_P7iiBqk,2025-01-15T13:30:04Z
ouXaK1Jid1A,टमाटर सस्ता है यहाँ tomoto price today aaj ka mandi bhav tomoto price today #Rohansabjiwala,https://www.youtube.com/watch?v=ouXaK1Jid1A,2025-01-15T07:30:38Z
SmXjVdpxrVQ,14 January 2025 जानिए आज का मंडी भाव tomoto price today aaj ka mandi bhav #Rohansabjiwala,https://www.youtube.com/watch?v=SmXjVdpxrVQ,2025-01-14T07:30:57Z
GbfXKrSXatc,08 जनवरी 2025 छत्तीसगढ़ टमाटर भाव करेला मूँगा मंहगा है tomoto price today ##Rohansabjiwala,https://www.youtube.com/watch?v=GbfXKrSXatc,2025-01-08T07:22:59Z
CbIeXx_scCQ,3 January 2025 मण्डी भाव आज का pahadiya Mandi@AshishKumarvlogs562,https://www.youtube.com/watch?v=CbIeXx_scCQ,2025-01-03T05:33:31Z
BCMMT8yHQNs,31 दिसंबर 2024 आज क्या भाव बिका टमाटर tomoto price today aaj ka mandi bhav #Rohansabjiwala,https://www.youtube.com/watch?v=BCMMT8yHQNs,2024-12-31T07:29:35Z
p-X7-3nT-HM,नीमच मंडी प्याज के भाव।। Pyaj ke bhav Neemuch Mandi#sandip,https://www.youtube.com/watch?v=p-X7-3nT-HM,2024-12-27T07:33:08Z
wPQq7BMMt7g,23 December 2024 जानिये आज क्या भाव बिका टमाटर Dhamdha Mandi Chhattisgarh #Rohansabjiwala,https://www.youtube.com/watch?v=wPQq7BMMt7g,2024-12-23T07:31:55Z
bgl-6D_ePog,आज का मंडी भाव Gandai mandi Chhattisgarh tomoto price today ##Rohansabjiwala,https://www.youtube.com/watch?v=bgl-6D_ePog,2024-12-21T06:29:08Z
hteivF_C09I,मुंगेली बकरा बकरी मंडी छत्तीसगढ़ का सबसे सस्ता बकरा बाजार #mungeli_bakra_mandi #100nubusinessideas,https://www.youtube.com/watch?v=hteivF_C09I,2024-12-20T11:30:25Z
AkE04gRkYMI,17 दिसंबर 2024 आज का टमाटर भाव करेला सेमी मंहगा है tomoto price today #Rohansabjiwala,https://www.youtube.com/watch?v=AkE04gRkYMI,2024-12-17T07:40:18Z
ydohYquASv8,आज का टमाटर भाव Dhamdha Mandi Chhattisgarh tomoto price today #Rohansabjiwala,https://www.youtube.com/watch?v=ydohYquASv8,2024-12-17T07:21:23Z
sFHUUkb35XI,14 December 2024 आज क्या भाव बिका टमाटर aaj ka mandi bhav today tamater Bhav #Rohansabjiwala,https://www.youtube.com/watch?v=sFHUUkb35XI,2024-12-14T07:31:22Z
kUQPNmDDyCA,14 December 2024 आज का टमाटर भाव  गंडई मंडी छत्तीसगढ़ tomoto price today #Rohansabjiwala,https://www.youtube.com/watch?v=kUQPNmDDyCA,2024-12-14T04:41:51Z
I6666s8LSKM,माँ दंतेश्वरी मंदिर 🛕 #dantewada #maadurga #song #mandir #mandibhav #,https://www.youtube.com/watch?v=I6666s8LSKM,2024-12-12T11:22:00Z
uh-d4TpGBso,टमाटर नीलामी patedha mandi aaj ka mandi bhav #tomato#shorts,https://www.youtube.com/watch?v=uh-d4TpGBso,2024-12-10T12:58:25Z
53DyV9DQ6CM,10 December 2024 आज टमाटर मंहगा है aaj ka mandi bhav tomoto price today Rohansabjiwala,https://www.youtube.com/watch?v=53DyV9DQ6CM,2024-12-10T07:57:02Z
qHUlD6ChVC4,9 December 2024 जानिये आज का मंडी भाव tomoto price today aaj ka mandi bhav #Rohansabjiwala,https://www.youtube.com/watch?v=qHUlD6ChVC4,2024-12-09T07:41:11Z
j2QnWNJ9Fa8,07.12.2024  आज का टमाटर भाव Gandai mandi Chhattisgarh #Rohansabjiwala,https://www.youtube.com/watch?v=j2QnWNJ9Fa8,2024-12-07T04:17:35Z
iPA-Bon5TLQ,Bichhu phal देश की सबसे बड़ी मंडी नीमच neemuch Mandi bhav ayurvedic mandi,https://www.youtube.com/watch?v=iPA-Bon5TLQ,2024-12-07T03:32:33Z
w1_2p3GsmII,धमधा मंडी छत्तीसगढ़ आज का टमाटर भाव ##Rohansabjiwala,https://www.youtube.com/watch?v=w1_2p3GsmII,2024-12-04T07:47:34Z
3gySeVWE9y4,आज गोभी बिका है पानी के भाव Dhamdha mandi Chhattisgarh aaj ka mandi bhav #tomato #Rohansabjiwala,https://www.youtube.com/watch?v=3gySeVWE9y4,2024-12-03T08:11:17Z
j2sExNiyvUc,टमाटर नीलामी Dhamdha mandi Chhattisgarh aaj ka mandi bhav #tomato #Rohansabjiwala,https://www.youtube.com/watch?v=j2sExNiyvUc,2024-12-03T07:54:31Z
xl6CTiz8hwM,नीमच औषधि मंडी भाव। नीमच मंडी का भाव । neemuch mandi bhav #shorts,https://www.youtube.com/watch?v=xl6CTiz8hwM,2024-11-28T14:25:47Z
JUDhvPy_n40,नीमच औषधि मंडी भाव। सूखे नींबू का भाव । neemuch mandi bhav #shorts,https://www.youtube.com/watch?v=JUDhvPy_n40,2024-11-27T07:26:35Z
BeepKDJVGUM,25 November 2024 आज का टमाटर का भाव Dhamdha Mandi Chhattisgarh tomoto price today #Rohansabjiwala,https://www.youtube.com/watch?v=BeepKDJVGUM,2024-11-25T08:17:47Z
9yprm6FKtFU,22 November 2024 मंडी का आखिरी दिन क्या भाव बिका टमाटर tomoto price today #Rohansabjiwala,https://www.youtube.com/watch?v=9yprm6FKtFU,2024-11-22T08:08:29Z
bBMas2ac37g,जबलपुर सिहोरा पाटन मंडी में धान गेहूं मसूर चना उड़द मक्का भाव | Patan sehore Jabalpur mandi bhav,https://www.youtube.com/watch?v=bBMas2ac37g,2024-11-16T01:57:49Z
2WMxDn-OIJU,नीमच मंडी मक्का भाव 🌽 | #makka #explore #neemuchmandibhav,https://www.youtube.com/watch?v=2WMxDn-OIJU,2024-11-15T13:30:02Z
WC_H-W7E52s,छत्तीसगढ़ का किसान बना‌ करोड़पति 😱 Khira ki kheti Se ✅।Cucumber cultivation।Millionaire farmer of CG,https://www.youtube.com/watch?v=WC_H-W7E52s,2024-11-15T13:29:27Z
21Of8VgNRlE,आज का टमाटर भाव Dhamdha Mandi Chhattisgarh Rohansabjiwala,https://www.youtube.com/watch?v=21Of8VgNRlE,2024-11-13T06:27:06Z
4C0900grMMQ,06.11.2024 आज का टमाटर भाव Dhamdha Mandi Chhattisgarh #Rohansabjiwala,https://www.youtube.com/watch?v=4C0900grMMQ,2024-11-06T06:49:17Z
QhygTZBbqPQ,आज का टमाटर भाव tomoto price today #Rohansabjiwala  Dhamdha Mandi Chhattisgarh,https://www.youtube.com/watch?v=QhygTZBbqPQ,2024-11-01T05:56:38Z
nMAymMPKXLw,धान का नया भाव 2501भाटापारा कृषि ऊपज मंडी बलौदा बाजार भाटापारा  डेली भाव जानने के लिए #subscribe करे,https://www.youtube.com/watch?v=nMAymMPKXLw,2024-10-29T19:53:41Z
WzgxDpcIAi8,छत्तीसगढ़ में मक्का का रेट 28/10/2024 फरसगांव,https://www.youtube.com/watch?v=WzgxDpcIAi8,2024-10-29T07:11:47Z
U6WNqGGMCD8,मंडी भाव 🍅#morchhattisgarh #mandibhav #todaynews #todaymandibhav #mandibhav #mandi_bhav_update,https://www.youtube.com/watch?v=U6WNqGGMCD8,2024-10-28T03:13:19Z
7PerFHM8DNY,#mandi bhav#mandibhav bhatapara#dhan का rate,https://www.youtube.com/watch?v=7PerFHM8DNY,2024-10-27T18:17:51Z
vkHO4VnTw9Y,आज का मंडी भाव धमधा #morchhattisgarh #todaymandibhav #mandibhav #sabjimandi #dhamdha #mandi #cg,https://www.youtube.com/watch?v=vkHO4VnTw9Y,2024-10-27T05:30:08Z
ANxNNmhcTLU,देसी मूंगफली भाव 🥜 | #mungfali #neemuchmandibhav #explore,https://www.youtube.com/watch?v=ANxNNmhcTLU,2024-10-26T13:50:00Z
Wh29kNPotrg,आज का का टमाटर भाव Dhamdha Mandi Chhattisgarh #Rohansabjiwala,https://www.youtube.com/watch?v=Wh29kNPotrg,2024-10-23T08:17:02Z
XAhkUVLWrlM,21 अक्टूबर मंडी भाव!! #morchhattisgarh #vlog #mandibhav #todaymandibhav #sabji_mandi_bhav #cgmandi,https://www.youtube.com/watch?v=XAhkUVLWrlM,2024-10-21T07:54:47Z
u8BIoUUpHro,21 October 2024 आज का मंडी भाव tomoto price today Dhamdha Mandi Chhattisgarh #Rohansabjiwala,https://www.youtube.com/watch?v=u8BIoUUpHro,2024-10-21T07:06:48Z
AO5lR4YOlFg,छोटीसादड़ी मंडी मक्का भाव 🌽 | #mandi #makkabhaw #explore,https://www.youtube.com/watch?v=AO5lR4YOlFg,2024-10-20T15:10:00Z
xGRzs_1d19k,Tamater Nilami Gandai Mandi Chhattisgarh 19.10.2024 aaj ka tamatar bhav #Rohansabjiwala,https://www.youtube.com/watch?v=xGRzs_1d19k,2024-10-19T05:17:38Z
itABQpPVr14,टमाटर भाव धमधा मंडी #morchhattisgarh #mandibhav #todaymandibhav #dhamdha,https://www.youtube.com/watch?v=itABQpPVr14,2024-10-17T11:34:33Z
ey2zOYiujYg,14 October 2024 आज का मंडी भाव Dhamdha Mandi Chhattisgarh #Rohansabjiwala tomoto price today,https://www.youtube.com/watch?v=ey2zOYiujYg,2024-10-14T07:57:52Z
ftn5pxcEoxI,गंडई मंडी छत्तीसगढ़ टमाटर नीलामी tomoto price today aaj ka mandi bhav #Rohansabjiwala,https://www.youtube.com/watch?v=ftn5pxcEoxI,2024-10-12T07:08:46Z
AQC_aUwtUsw,11 October 2024 आज का टमाटर का भाव tomoto price today आज का मंडी भाव #Rohansabjiwala,https://www.youtube.com/watch?v=AQC_aUwtUsw,2024-10-11T09:51:23Z
itABQpPVr14,टमाटर भाव धमधा मंडी #morchhattisgarh #mandibhav #todaymandibhav #dhamdha,https://www.youtube.com/watch?v=itABQpPVr14,2024-10-17T11:34:33Z
ey2zOYiujYg,14 October 2024 आज का मंडी भाव Dhamdha Mandi Chhattisgarh #Rohansabjiwala tomoto price today,https://www.youtube.com/watch?v=ey2zOYiujYg,2024-10-14T07:57:52Z
ftn5pxcEoxI,गंडई मंडी छत्तीसगढ़ टमाटर नीलामी tomoto price today aaj ka mandi bhav #Rohansabjiwala,https://www.youtube.com/watch?v=ftn5pxcEoxI,2024-10-12T07:08:46Z
AQC_aUwtUsw,11 October 2024 आज का टमाटर का भाव tomoto price today आज का मंडी भाव #Rohansabjiwala,https://www.youtube.com/watch?v=AQC_aUwtUsw,2024-10-11T09:51:23Z
S7tJ9DEjZU0,9 October 2024 आज का मंडी भाव tomoto price today आज का टमाटर का भाव #Rohansabjiwala,https://www.youtube.com/watch?v=S7tJ9DEjZU0,2024-10-09T07:55:22Z
r173Gz4sN1k,गंडई मंडी छत्तीसगढ़ Tamater Nilami tomoto price aaj ka mandi bhav  #shorts #Rohansabjiwala,https://www.youtube.com/watch?v=r173Gz4sN1k,2024-09-29T11:57:28Z
C6yABl_8mqk,"सरसों में आई तेज़ी || sarso ka bhav,mustard price todey",https://www.youtube.com/watch?v=C6yABl_8mqk,2024-09-25T07:07:55Z
kXNybZjfCBc,22 September 2024 आज का मंडी भाव tomoto price today #Rohansabjiwala Dhamdha Mandi Chhattisgarh,https://www.youtube.com/watch?v=kXNybZjfCBc,2024-09-22T08:38:30Z
ztF5R_yAH1U,छत्तीसगढ़ मुंगेली मंडी में फली का भाव क्या है? थोकएवं चिल्लर भाव का मुंगेली मंडी में किसानों सेचर्चा,https://www.youtube.com/watch?v=ztF5R_yAH1U,2024-09-21T12:27:34Z
Xg_Dq13aTXU,नीमच मंडी में बिके अकरकरा फुल 22800 रुपए। Neemuch Mandi today akarkara fool rate,https://www.youtube.com/watch?v=Xg_Dq13aTXU,2024-09-16T11:13:08Z
tSV1XqyEamY,टमाटर थोक भाव भाटापारा सब्जी मंडी छत्तीसगढ़ tamatar thok bhav bhatapara sabji mandi bhatapara cg,https://www.youtube.com/watch?v=tSV1XqyEamY,2024-09-15T16:08:03Z
g3YCweyY2yA,"सरसों भाव मे जबरदस्त तेजी|| sarso ka bhav,mustard price todey,sarso",https://www.youtube.com/watch?v=g3YCweyY2yA,2024-09-13T07:21:00Z
E_JF06MAjhc,8 September 2024 आज का मंडी भाव tomoto price today #Dhamdha Mandi Chhattisgarh #Rohansabjiwala,https://www.youtube.com/watch?v=E_JF06MAjhc,2024-09-08T07:11:29Z
JFg2xz0VqM8,अश्वगंधा के बीज  1000₹ प्रति क्विंटल बिके #नीमच_मंडी_भाव #neemuchmandi #agriculture #natural #india,https://www.youtube.com/watch?v=JFg2xz0VqM8,2024-09-07T03:30:08Z
wMumEc7VN_8,आज खीरा ककड़ी का क्या भाव है मंडी में | short video | khira kakdi | #shorts #khirakadibhav,https://www.youtube.com/watch?v=wMumEc7VN_8,2024-09-03T05:45:10Z
iz-XqsmjhlQ,# Bengaluru adrak.  Bilaspur Chhattisgarh                              #songs #mandibhav #cgshorts,https://www.youtube.com/watch?v=iz-XqsmjhlQ,2024-08-28T05:11:05Z
CCfX6cYQqXs,सक्ति सब्जी मंडी 16 अगस्त सब्जियों के थोक भाव | sakti sabji mandi / vegetables wholesale price ?,https://www.youtube.com/watch?v=CCfX6cYQqXs,2024-08-16T08:46:13Z
P_SU4r_6XYM,2 August 2024 आज का टमाटर का भाव tomoto price today Dhamdha Mandi Chhattisgarh,https://www.youtube.com/watch?v=P_SU4r_6XYM,2024-08-02T07:34:41Z
JIxKLZIicLs,नागपूर मंडी में सब्जियों के भाव हाई-फ़ाई जानिए भाव today vegetable price on Nagpur Mandi,https://www.youtube.com/watch?v=JIxKLZIicLs,2024-06-17T03:36:01Z
gYzxCfiKSAQ,नीमच मंडी मे करेले और अर्जुन के फल  छाल भी बिकी आप को पूरा देखे #aushadhimandi #neemuchaushadhi,https://www.youtube.com/watch?v=gYzxCfiKSAQ,2024-06-14T03:30:23Z
6SPw2VyHG54,फूल गोभी का भाव नागपुर मंडी #nagpur,https://www.youtube.com/watch?v=6SPw2VyHG54,2024-06-11T06:28:00Z
7zww_zt8UA4,नीमच औषधि मंडी भाव | बोर मिंगनी | औषधीय फसलों के भाव । neemuch Mandi bhav #shorts,https://www.youtube.com/watch?v=7zww_zt8UA4,2024-06-06T04:10:00Z
bmzwKbY338I,2 June 2024 भिलाई मंडी छत्तीसगढ़ #Rohansabjiwala,https://www.youtube.com/watch?v=bmzwKbY338I,2024-06-02T13:25:15Z
Xq5J5S2ZGLA,नीमच मंडी में पलाश के फूल का भाव #shorts,https://www.youtube.com/watch?v=Xq5J5S2ZGLA,2024-05-29T06:36:37Z
U1-2zSBKNyI,"13 अगस्त 2026 प्याज में तेजी इंदौर मंडी। Indore Mandi Pyaj bhav,aaj ka pyaj bhav#onion_rates_today",https://www.youtube.com/watch?v=U1-2zSBKNyI,2024-05-19T05:31:33Z
LRBJB9Us-7c,टमाटर की बोली नागपुर Tamatar 🍅 ka bhav love boli #tamatar #tomato,https://www.youtube.com/watch?v=LRBJB9Us-7c,2024-05-18T12:45:02Z
upSZiZm7qnA,5 May 2024 टमाटर भाव Dhamdha Mandi Chhattisgarh #Rohansabjiwala,https://www.youtube.com/watch?v=upSZiZm7qnA,2024-05-05T14:40:21Z
RqTAyODZlS8,नीमच मंडी में कबीट के घर का भाव।।  Neemuch Mandi Bhav,https://www.youtube.com/watch?v=RqTAyODZlS8,2024-04-25T12:00:32Z
LMWogh5C8X0,बरबटी की बोली गंडई छत्तीसगढ़ (KGC) Barbati ki live bhav CG #sabji #chhattisgarh,https://www.youtube.com/watch?v=LMWogh5C8X0,2024-04-17T11:30:14Z
kOrz_0cpRFQ,"नीमच मंडी की औषधि मंडी में धूल से लेकर फूल सब बिकता है। फूल, छिलका, पत्ते, जड़ । Neemuch mandi bhav",https://www.youtube.com/watch?v=kOrz_0cpRFQ,2024-04-08T10:18:02Z
YZdVFl3b9j8,अंबिकापुर सब्जी मंडी|| ambikapur sabji mandi|#surajpur Ambikapur market#marketing#sabji#ambikapur,https://www.youtube.com/watch?v=YZdVFl3b9j8,2024-04-01T10:15:03Z
N5-SlJ22exM,Today धमतरी ( श्यामतरई ) सब्जी मंडी भाव ? sabji mandi bhav today @dipaksahufarming #sabjimandibhav,https://www.youtube.com/watch?v=N5-SlJ22exM,2024-03-23T06:30:08Z
BG_ho3oh9po,सब्जियो की भाव में आई तेज़ी नागपुर मंडी today vegetable price on Nagpur mandi 9 March 2024,https://www.youtube.com/watch?v=BG_ho3oh9po,2024-03-09T11:30:04Z
tK0bPuBRTJY,Tomato Price On Nagpur wholesale vegetable market  टमाटर का भाव नागपुर सब्ज़ी मंडी 4 March 2024,https://www.youtube.com/watch?v=tK0bPuBRTJY,2024-03-04T11:30:32Z
9cWO53WfEB4,आज टमाटर  मंडी भाव क्या रहा? ? Tomao rate today #farming #agriculture #tomatofarming,https://www.youtube.com/watch?v=9cWO53WfEB4,2024-02-27T01:51:34Z
Q24h7-PvYXg,wholesale sabji market price in Nagpur नीबू और लहसन का भाव garlic price  20 February 2024,https://www.youtube.com/watch?v=Q24h7-PvYXg,2024-02-20T11:40:00Z
Kyk9KFks64g,Today vegetables wholesale market price in Nagpur Mandi &quot;आज का भाव नागपुर मंडी 17 February 2024,https://www.youtube.com/watch?v=Kyk9KFks64g,2024-02-17T11:50:00Z
663M2y7MfyU,आलू के आज का होलसेल भाव नागपुर सब्ज़ी मंडी aalu ka bhav nagpur sabji mandi 20 January 2024,https://www.youtube.com/watch?v=663M2y7MfyU,2024-01-20T11:30:03Z
NSdSpkJP4C4,जानिए कच्चे आम का भाव नागपुर सब्जी मंडी green mango rate in Nagpur wholesale market 18 January 2024,https://www.youtube.com/watch?v=NSdSpkJP4C4,2024-01-19T11:30:11Z
ZrVngs1Sq4Y,#सरसो के ताजा #भाव । आज के सरसों के भाव #मंदसौर मंडी । मंदसौर मंडी सरसो भाव #mandsaur_mandi_bhav,https://www.youtube.com/watch?v=ZrVngs1Sq4Y,2024-01-18T06:11:39Z
JCPmkd_NfyY,Nagpur vegetable market जानिए सब्जियों के भाव नागपुर कलमना सब्ज़ी मंडी 6 January 2024,https://www.youtube.com/watch?v=JCPmkd_NfyY,2024-01-06T11:35:00Z
EA4KStnhxEA,तुरई का भाव नागपुर सब्ज़ी मंडी 4 January 2024,https://www.youtube.com/watch?v=EA4KStnhxEA,2024-01-05T12:29:00Z
y_xXv8LI1_Q,&quot;छत्तीसगढ़ की करोड़पति किसान&quot; बेटी।Millionaire farmer &quot;daughter of Chhattisgarh&quot;।Tamater ki kheti,https://www.youtube.com/watch?v=y_xXv8LI1_Q,2024-01-02T15:00:34Z
4OI3UU3SIds,सुपर बैग़न का भाव नागपुर सब्ज़ी मंडी baigan ka bhav Nagpur sabji mandi 31 December 2023 #vegetables,https://www.youtube.com/watch?v=4OI3UU3SIds,2023-12-31T12:29:00Z
f_P6jCAbV3A,जानिए टमाटर 🍅 का भाव नागपुर सब्ज़ी मंडी tamatar 🍅 ka bhav Nagpur mandi 28 December 2023 #tamatar,https://www.youtube.com/watch?v=f_P6jCAbV3A,2023-12-28T12:29:01Z
3sKwS-Fx2vU,फूलगोभी का भाव नागपुर सब्ज़ी मंडी phool gobhi ka bhav Nagpur sabji mandi 27 Dec 23 #couliflower,https://www.youtube.com/watch?v=3sKwS-Fx2vU,2023-12-27T11:30:02Z
ubrzwrG3RQo,देसी कुंदरू का भाव नागपुर सब्ज़ी मंडी  desi kundru ka bhav Nagpur kalamna mandi 24 December 2023,https://www.youtube.com/watch?v=ubrzwrG3RQo,2023-12-24T12:29:01Z
iXoURjSxXvI,सुपर फ़ुल गोभी का भाव नागपुर सब्ज़ी मंडी supar phool gobhi ka bhav Nagpur mandi 24 December 2023,https://www.youtube.com/watch?v=iXoURjSxXvI,2023-12-24T12:29:00Z
ICP1-7YX_XA,धान 1401 का भाव सिरसा मंडी 🌾 #kisanlife #paddy #धान #bhav #farmer #agriculture #सिरसा #sirsa,https://www.youtube.com/watch?v=ICP1-7YX_XA,2023-12-23T04:26:29Z
nNz8N7_Jqz8,बैगन का भाव नागपुर सब्ज़ी मंडी baigen ka bhav Nagpur sabji mandi brinjal price 22 December 2023,https://www.youtube.com/watch?v=nNz8N7_Jqz8,2023-12-22T12:29:02Z
Vhk-NJD1xp0,नया आलू का भाव नागपुर सब्ज़ी मंडी new potato price 8₹ se 12₹ in Nagpur vegetable  market 21 Dec 23,https://www.youtube.com/watch?v=Vhk-NJD1xp0,2023-12-21T12:28:00Z
4QNhKuAFKqQ,जानिए ( ग्वार ) का भाव नागपुर सब्ज़ी मंडी gwar ka bhav  Nagpur mandi 18 December 2023,https://www.youtube.com/watch?v=4QNhKuAFKqQ,2023-12-18T12:46:00Z
MDn9uepr8i0,लोकल मेथी भाजी का भाव  नागपुर सब्ज़ी मंडी methi bhaji ka bhav Nagpur mandi 16 December 2023 #methi,https://www.youtube.com/watch?v=MDn9uepr8i0,2023-12-16T12:29:00Z
PHl6FPFaqOU,जानिए डेमस (टिंडा) का भाव नागपुर सब्ज़ी मंडी  demas (tinda) ka bhav 14 December 2023,https://www.youtube.com/watch?v=PHl6FPFaqOU,2023-12-14T12:28:00Z
2X61nQwhw9M,"जानिए पेंसिल (बटाना,मटर) का भाव नागपुर सब्ज़ी मंडी pencil matar ka bhav 30₹ kg Nagpur 12 Dec 2023",https://www.youtube.com/watch?v=2X61nQwhw9M,2023-12-12T13:34:00Z
nV2OGla2Gwk,जानिए सेमी (वाल) का भाव नागपुर सब्ज़ी मंडी  wal ka bhav resell 45₹ kg &amp; wholesale 35₹ kg 12 Dec 2023,https://www.youtube.com/watch?v=nV2OGla2Gwk,2023-12-12T06:29:00Z
RT0NzZUceNk,जानिए हरी मिर्ची का भाव नागपुर सब्ज़ी मंडी hari mirch price on Nagpur wholesale mandi 9 December 23,https://www.youtube.com/watch?v=RT0NzZUceNk,2023-12-09T12:29:02Z
MaWvFK2Da0o,बटाना (मटर) का भाव नागपुर सब्ज़ी मंडी batana (matar) ka bhav Nagpur mandi 13₹ kg 7 December 2023,https://www.youtube.com/watch?v=MaWvFK2Da0o,2023-12-08T12:29:00Z
V14wn2U6kmQ,बटाना (मटर) का भाव नागपुर सब्ज़ी मंडी batana (matar) ka bhav Nagpur mandi 16₹ kg 6 December 2023,https://www.youtube.com/watch?v=V14wn2U6kmQ,2023-12-06T06:28:00Z
H0i7pTiO9m0,जानिए बारिश में (टमाटर कैरेट) का भाव नागपुर सब्ज़ी मंडी tamatar ka bhav 360₹ कैरेट 5 December 2023,https://www.youtube.com/watch?v=H0i7pTiO9m0,2023-12-05T12:29:00Z
Q1t7Obppqp8,Live बोली धनिया (सांभर) नागपुर सब्ज़ी मंडी dhaniya ka bhav Nagpur mandi 5 December 2023 #dhaniya,https://www.youtube.com/watch?v=Q1t7Obppqp8,2023-12-05T12:29:00Z
TFwMYWKug3U,जानिए सुपर फ़ुल गोभी का भाव नागपुर सब्ज़ी मंडी ful gobhi (cauliflower) ka bhav 12₹ kg 5 December 23,https://www.youtube.com/watch?v=TFwMYWKug3U,2023-12-05T06:29:00Z
6bxZBTak4xw,जानिए तुअर का भाव नागपुर सब्ज़ी मंडी tuar la bhav Nagpur mandi 40₹ kg 4 December 2023,https://www.youtube.com/watch?v=6bxZBTak4xw,2023-12-04T12:28:00Z
wCQF9bFdDXw,जानिए चलवा (बरबटी) का भाव नागपुर सब्ज़ी मंडी chavla ka bhav 35₹ kg Nagpur mandi 4 December 2023,https://www.youtube.com/watch?v=wCQF9bFdDXw,2023-12-04T06:29:00Z
z-x0-u0OkWY,सुपर फ़ुल गोभी का भाव नागपुर सब्ज़ी मंडी 20₹ किलो phool gobhi (cauliflower) ka bhav 3 December 2023,https://www.youtube.com/watch?v=z-x0-u0OkWY,2023-12-03T12:45:04Z
KNPVXKuOqlQ,बटाना (मटर) का भाव नागपुर सब्ज़ी मंडी 30₹ किलो batana ka bhav Nagpur sabji mandi 3 December 2023,https://www.youtube.com/watch?v=KNPVXKuOqlQ,2023-12-03T06:29:00Z
WZZukFpx02g,जानिए पोपट का भाव नागपुर सब्ज़ी मंडी 2 December 2023 #vegetables #nagpur #mandi,https://www.youtube.com/watch?v=WZZukFpx02g,2023-12-02T12:29:00Z
OmtzpDMnen0,भिंडी की बोली भाव 40₹ किलो नागपुर सब्ज़ी मंडी bhindi ka bhav Nagpur sabji Mandi 30 November 2023 #cg,https://www.youtube.com/watch?v=OmtzpDMnen0,2023-11-30T06:39:00Z
Xuj0JslwkcQ,जानिए चना भाजी का भाव नागपुर सब्ज़ी मंडी chana bhaji ka bhav  25 November 2023 #chana,https://www.youtube.com/watch?v=Xuj0JslwkcQ,2023-11-25T06:29:00Z
x4I3pQ5Dxz8,🥦सब्जी मंडी बाजार 🥕सब्जी मंडी भाव 🍅💯#मंडी#बाजारभाव #mandi,https://www.youtube.com/watch?v=x4I3pQ5Dxz8,2023-11-21T06:30:36Z
TYytpsZvLQk,Couliflower :- Phool gobhi ka bhav 6₹ kg on Nagpur wholesale Mandi 16 November 2023,https://www.youtube.com/watch?v=TYytpsZvLQk,2023-11-16T12:29:00Z
SVipTWR6N3M,लोकल मेथी का भाव 16₹ किलो नागपुर सब्ज़ी मंडी local methi ka bhav nagpur mandi 16 Nov2023 #methi #cg,https://www.youtube.com/watch?v=SVipTWR6N3M,2023-11-16T06:29:00Z
ZexwBRZz5jM,जानिए फ़ुल का भाव नागपुर मंडी genda phool ka bhav Nagpur mandi 70₹kg 13 nov 2023 #phool #gendaphool,https://www.youtube.com/watch?v=ZexwBRZz5jM,2023-11-13T03:39:00Z
74OOxT6sR6c,धनिया (सांभर) का भाव नागपुर सब्ज़ी मंडी dhaniya ka bhav Nagpur mandi 70₹ kg 12 November 2023 #sabji,https://www.youtube.com/watch?v=74OOxT6sR6c,2023-11-12T12:29:00Z
UYEdHP2KyKA,जानिए नागपुर में ज़िमी कांदा का भाव नागपुर सब्ज़ी मंडी jimi kanda ka bhav 30₹ kg 11 nov 2023 #kanda,https://www.youtube.com/watch?v=UYEdHP2KyKA,2023-11-11T12:29:00Z
31AUukBJ5XA,Talent part 2 देखो  फ़न्नस (कटहल) का भाव 80₹ kg kathal ka bhav Nagpur sabji Mandi #shorts,https://www.youtube.com/watch?v=31AUukBJ5XA,2023-11-08T06:29:00Z
rm2sADCAtJA,ग्वार का भाव नागपुर सब्ज़ी मंडी gwar ka bhav 20₹ kg on Nagpur sabji mandi 5 November 2023,https://www.youtube.com/watch?v=rm2sADCAtJA,2023-11-05T12:29:02Z
Xl0AOXPV-u8,सांभर (धनिया) का भाव नागपुर सब्ज़ी मंडी 100₹ किलो dhaniya ka bhav Nagpur mandi  4 November 2023,https://www.youtube.com/watch?v=Xl0AOXPV-u8,2023-11-04T12:29:00Z
x6YvKXZwZhw,मेथी भाजी का भाव नागपुर मंडी 30₹ किलो methi bhaji ka bhav Nagpur mandi #methi #viral 4 November 2023,https://www.youtube.com/watch?v=x6YvKXZwZhw,2023-11-04T06:29:01Z
o4iYzOr5U7g,टमाटर का भाव 320₹ कैरेट नागपुर मंडी #tamatar #viral #sabji #vegetables #tomato,https://www.youtube.com/watch?v=o4iYzOr5U7g,2023-11-03T12:29:00Z
04Z0FDwoqyE,#डालर #चना #भाव 15000 प्रति कुंतल कृषि उपज मंडी #मंदसौर मंदसौर मंडी चना भाव,https://www.youtube.com/watch?v=04Z0FDwoqyE,2023-11-02T06:37:34Z
7DwZiSlOKpo,जानिए आवला (अमला) का भाव नागपुर मंडी 40₹ किलो aawla (aamla) ka bhav nagpur mandi 2 nov 2023,https://www.youtube.com/watch?v=7DwZiSlOKpo,2023-11-02T06:28:00Z
Tg7P11HsA9Y,तुअर का भाव नागपुर मंडी 75₹ किलो Tuar ka bhav Nagpur mandi wholesale rate 75₹  2 November 2023,https://www.youtube.com/watch?v=Tg7P11HsA9Y,2023-11-02T06:29:00Z
M94vCqODPeg,मूला का भाव नागपुर मंडी Mula ka bhav Nagpur sabji Mandi 12₹ kg,https://www.youtube.com/watch?v=M94vCqODPeg,2023-10-31T13:25:00Z
wvn0a_MPhLc,जानिए वाल का भाव नागपुर मंडी val ka bhav Nagpur sabji Mandi 60₹ kg #wholesale #vegetables #viral,https://www.youtube.com/watch?v=wvn0a_MPhLc,2023-10-31T13:10:00Z
qCkn-szj4C8,अलवर प्याज़ मंडी  alwar pyaj mandi bhav today #onion #shorts #alwarmandinews #short,https://www.youtube.com/watch?v=qCkn-szj4C8,2023-10-30T08:28:11Z
DwfQBgrbYJc,बड़नगर मंडी भाव 1135 सोयाबीन #mandibhav #गेहूं_आज_का_ताजा_भाव #बदनावरमंडी,https://www.youtube.com/watch?v=DwfQBgrbYJc,2023-10-29T07:40:00Z
UotVyjshS8k,जानिए :-जिमि कंदा 120₹ किलो नागपुर मंडी jimi kanda ka bhav Nagpur mandi #kanda #sabji #vegetables,https://www.youtube.com/watch?v=UotVyjshS8k,2023-10-28T12:28:00Z
PLdcplon0Us,बटाना का भाव नागपुर मंडी || पेंसिल मटर 160₹ किलो || batana (matar) ka bhav Nagpur mandi #viral #cg,https://www.youtube.com/watch?v=PLdcplon0Us,2023-10-26T12:29:00Z
8J3KZh5W9QY,सुपर सिमला मिर्ची का भाव 350₹ पन्नी 10 किलो माल Simla mirchi ka bhav Nagpur mandi #simla #viral #cg,https://www.youtube.com/watch?v=8J3KZh5W9QY,2023-10-26T06:29:00Z
PHeP9CXPoSg,"सांभर,धनिया का भाव नागपुर मंडी Dhaniya ka bhav Nagpur mandi 130₹ kg",https://www.youtube.com/watch?v=PHeP9CXPoSg,2023-10-25T06:46:00Z
dpSP9Ss7lVQ,गेंदा फूल का भाव 40₹ कीलो नागपुर मंडी genda ful ka bhav Nagpur mandi 24/10/23 #flower #viral #shorts,https://www.youtube.com/watch?v=dpSP9Ss7lVQ,2023-10-24T04:30:11Z
hcetPjhQz0M,बैगन का भाव नागपुर मंडी Baigan ka bhav (brinjal price on Nagpur mandi )16₹ kg #brinjal #shorts,https://www.youtube.com/watch?v=hcetPjhQz0M,2023-10-23T13:32:00Z
02YBKoFRMKw,सब्जियो का भाव नागपुर मंडी sabjiyo ka bhav Nagpur mandi #vegetables #bhav #mandi,https://www.youtube.com/watch?v=02YBKoFRMKw,2023-10-21T12:29:01Z
pIHbzRAVGWk,देसी अरबी का भाव नागपुर मंडी arbi kanda ka bhav Nagpur mandi 19oct23  #vegetables #mandi,https://www.youtube.com/watch?v=pIHbzRAVGWk,2023-10-20T12:29:01Z
VLSR3VkTHRA,जानिए ग्वार का भाव gwar ka bhav Nagpur sabji mandi 80₹ kg 19oct23 #viral #vegetables #sabji,https://www.youtube.com/watch?v=VLSR3VkTHRA,2023-10-19T12:26:00Z
aFi3BcjLDKo,बिन्स (अंग्रेज़ी वाल) का भाव नागपुर मंडी bins fally ka price on Nagpur sabji mandi 60₹ kg 19oct23,https://www.youtube.com/watch?v=aFi3BcjLDKo,2023-10-19T06:29:01Z
53RqGCz-ghc,गेंदा फूल का भाव 20₹ किलो नागपुर मंडी genda ful ka bhav Nagpur mandi #wholesale #viral #shorts,https://www.youtube.com/watch?v=53RqGCz-ghc,2023-10-18T12:29:00Z
Aeb-sqWjuQk,सुपर गाजर का भाव 30₹ किलो नागपुर सब्ज़ी मंडी gajar ka price on Nagpur wholesale sabji mandi #sabji,https://www.youtube.com/watch?v=Aeb-sqWjuQk,2023-10-18T06:29:00Z
cQGo_Jt1rZE,करेला का भाव नागपुर सब्ज़ी मंडी 35₹ किलो karela ka bhav Nagpur sabji mandi 18oct23 #sabji #nagpur,https://www.youtube.com/watch?v=cQGo_Jt1rZE,2023-10-18T06:29:01Z
VLSR3VkTHRA,जानिए ग्वार का भाव gwar ka bhav Nagpur sabji mandi 80₹ kg 19oct23 #viral #vegetables #sabji,https://www.youtube.com/watch?v=VLSR3VkTHRA,2023-10-19T12:26:00Z
aFi3BcjLDKo,बिन्स (अंग्रेज़ी वाल) का भाव नागपुर मंडी bins fally ka price on Nagpur sabji mandi 60₹ kg 19oct23,https://www.youtube.com/watch?v=aFi3BcjLDKo,2023-10-19T06:29:01Z
53RqGCz-ghc,गेंदा फूल का भाव 20₹ किलो नागपुर मंडी genda ful ka bhav Nagpur mandi #wholesale #viral #shorts,https://www.youtube.com/watch?v=53RqGCz-ghc,2023-10-18T12:29:00Z
Aeb-sqWjuQk,सुपर गाजर का भाव 30₹ किलो नागपुर सब्ज़ी मंडी gajar ka price on Nagpur wholesale sabji mandi #sabji,https://www.youtube.com/watch?v=Aeb-sqWjuQk,2023-10-18T06:29:00Z
cQGo_Jt1rZE,करेला का भाव नागपुर सब्ज़ी मंडी 35₹ किलो karela ka bhav Nagpur sabji mandi 18oct23 #sabji #nagpur,https://www.youtube.com/watch?v=cQGo_Jt1rZE,2023-10-18T06:29:01Z
Vc6231F2LDs,भरते का बैग़न का भाव 40₹ किलो नागपुर मंडी  bharte ka baigan ka price on Nagpur sabji Mandi #sabji,https://www.youtube.com/watch?v=Vc6231F2LDs,2023-10-17T12:29:00Z
bFrbcxld8fE,Hari mirch ka bhav 17 October 2023| green chilli | sabji mandi Barabanki,https://www.youtube.com/watch?v=bFrbcxld8fE,2023-10-17T09:00:31Z
n1DYLTbZ3qU,Talent देखो  फ़न्नस (कटहल) का भाव 80₹ kg kathal ka bhav Nagpur sabji Mandi #viral #sabji #shorts,https://www.youtube.com/watch?v=n1DYLTbZ3qU,2023-10-16T12:28:00Z
ptkpj19sV2w,हरी मिर्ची का भाव नागपुर सब्ज़ी मंडी Hari mirchi ka price in Nagpur sabji Mandi #sabji #mandi #viral,https://www.youtube.com/watch?v=ptkpj19sV2w,2023-10-14T13:04:00Z
chniMbQIEao,आज का भाव आमारी भाजी नागपुर मंडी today price on Aamari bhaji Nagpur sabji mandi #viral #nagpur,https://www.youtube.com/watch?v=chniMbQIEao,2023-10-13T06:29:01Z
cPOTl741kGw,भिंडी की बोली नागपुर मंडी 50₹ kg bhindi ladyfinger price on Nagpur  sabji mandi 9 oct 2023 #bhindi ￼,https://www.youtube.com/watch?v=cPOTl741kGw,2023-10-09T12:31:00Z
rabyQEzWtRw,कंदा भाजी (प्याज़ भाजी ) का भाव नागपुर मंडी kanda bhaji pyaj bhaji ka price on Nagpur sabji Mandi,https://www.youtube.com/watch?v=rabyQEzWtRw,2023-10-07T06:55:00Z
v7_X1fgw_jo,लौकी का भाव नागपुर मंडी lauki ka bhav Om Nagpur sabji Mandi 30₹ kg 7 oct 2023  #lauki #nagpur #yt,https://www.youtube.com/watch?v=v7_X1fgw_jo,2023-10-07T06:29:01Z
xOfeENGeG9w,हरी मिर्ची का भाव नागपुर सब्ज़ी मंडी Hari mirchi ka price on Nagpur wholesale sabji Mandi #viral,https://www.youtube.com/watch?v=xOfeENGeG9w,2023-10-04T12:29:01Z
jLLgdQz6asA,कुंदरू टोनड्रे का भाव नागपुर मंडी Kundru ka price Nagpur wholesale sabji Mandi #vegetables #viral,https://www.youtube.com/watch?v=jLLgdQz6asA,2023-10-03T06:29:00Z
FyQpN6wjRCs,Nagpur sabji Mandi sabjiyo ke bhav live #nagpur #mandi #viral #shorts,https://www.youtube.com/watch?v=FyQpN6wjRCs,2023-10-02T12:29:00Z
_DpmOiULgtM,झगड़ा मेथी भाजी के लिए methi bhaji ka bhav Nagpur sabji Mandi #viral #shorts #sabji,https://www.youtube.com/watch?v=_DpmOiULgtM,2023-10-01T12:29:01Z
1nQn3E9Yymk,आजचे मका बाजार भाव #agriculture #krishivani #शेतकरी #indianfarmer,https://www.youtube.com/watch?v=1nQn3E9Yymk,2023-09-29T14:28:38Z
-EVP8_1HNT8,जानिए बैग़न का भाव नागपुर मंडी baigan bhata ka bhav Nagpur sabji Mandi #vegetables #sabji #Mandi,https://www.youtube.com/watch?v=-EVP8_1HNT8,2023-09-26T02:30:00Z
jF-Lm7LGX5Y,80₹ kg 😱 धनिया (सांभर) का भाव नागपुर मंडी dhaniya ka price on Nagpur wholesale sabji Mandi #dhaniya,https://www.youtube.com/watch?v=jF-Lm7LGX5Y,2023-09-25T06:29:00Z
31laCh3-xaU,वाल का भाव 80₹ kg नागपुर मंडी val ka bhav on Nagpur wholesale sabji Mandi #sabji #vegetables #yt,https://www.youtube.com/watch?v=31laCh3-xaU,2023-09-25T06:29:00Z
9vymbExcB2g,खीरा का भाव नागपुर khira kakdi ka price on Nagpur wholesale sabji Mandi #sabji #vegetables #yt,https://www.youtube.com/watch?v=9vymbExcB2g,2023-09-24T06:29:00Z
kl08e-5-ZMw,बिन्स फल्ली ( अंग्रेज़ी वाल ) भाव नागपूर मंडी bins falli Angreji walls price on nagpur sabji mandi￼,https://www.youtube.com/watch?v=kl08e-5-ZMw,2023-09-21T12:29:01Z
M2DyOeejubw,आमारी भाजी का भाव नागपुर मंडी  amari ka bhav Nagpur wholesale sabji Mandi 25₹ kg 19/09/2023,https://www.youtube.com/watch?v=M2DyOeejubw,2023-09-19T18:29:01Z
wvIGR6FDLrI,पत्ता गोभी का भाव नागपुर मंडी patta gobhi cabbage ka price Nagpur wholesale sabji Mandi 13₹ kg 19/9,https://www.youtube.com/watch?v=wvIGR6FDLrI,2023-09-19T06:29:01Z
UWdfs6P8i1s,अद्रक का भाव नागपुर adrak 🫚 ka bhav Nagpur wholesale sabji Mandi 100₹ kg  #nagpur #viral #sabji,https://www.youtube.com/watch?v=UWdfs6P8i1s,2023-09-17T12:29:00Z
DYptyRBxUpg,टमाटर का भाव नागपुर मंडी || tamater (tometo) ka price Nagpur Sabji Mandi 17/9/2023  100₹ cairet,https://www.youtube.com/watch?v=DYptyRBxUpg,2023-09-17T06:29:00Z
P_JmX7ih-Wk,गवार का भाव नागपुर Gawar ka price Nagpur wholesale sabji Mandi 16/9/23 #viral #vegetables #sabji,https://www.youtube.com/watch?v=P_JmX7ih-Wk,2023-09-16T06:29:00Z
QxedvVGJVD4,फुल गोभी का भाव नागपुर मंडी full gobhi ka price on Nagpur wholesale Sabji Mandi 20₹ kg 14/09/23,https://www.youtube.com/watch?v=QxedvVGJVD4,2023-09-14T12:29:01Z
ugiTtx_4TxI,पोपट का भाव नागपुर मंडी popat ka price on Nagpur wholesale vegetable market 50₹ kg #sabji #mandi,https://www.youtube.com/watch?v=ugiTtx_4TxI,2023-09-12T12:29:01Z
qUlNegvbzbQ,लाल भाजी आज का भाव नागपुर मंडी 20₹ kg on Nagpur wholesale Sabji Mandi Tuday price Nagpur market #cg,https://www.youtube.com/watch?v=qUlNegvbzbQ,2023-09-12T06:29:00Z
e8YNgIo0W2c,"तुअर(तुअल), नागपुर का भाव|| tuaar(tur)100₹ kg on Nagpur wholesale Sabji market #chhattisgarh #sabji",https://www.youtube.com/watch?v=e8YNgIo0W2c,2023-09-10T06:29:02Z
bsEgvmjRpb8,मिर्ची का भाव on नागपुर सब्ज़ी मंडी || mirchi ka price on Nagpur wholesale vegetable market #sabji,https://www.youtube.com/watch?v=bsEgvmjRpb8,2023-09-10T06:29:00Z
aQDRG6QsGAQ,Neemuch mandi tilli bhaw today नीमच मंडी तिल्ली भाव,https://www.youtube.com/watch?v=aQDRG6QsGAQ,2023-08-25T16:16:53Z
Vd-ksWIhmoM,Lahsun Mandi Bhav ! छीपाबडौद लहसुन मंडी का भाव !Today garlic rate #garlicpricetoda,https://www.youtube.com/watch?v=Vd-ksWIhmoM,2023-08-16T02:03:05Z
PJvoHdGthoI,sabji mandi bhav bilaspur cg ❗भाव जाने ❗#sabjimandi #viral #mandi,https://www.youtube.com/watch?v=PJvoHdGthoI,2023-08-11T04:30:09Z
eagQsvREnyU,sabji mandi bilaspur Chhattisgarh ❗भाव जाने ❗#sabjimandi #shorts,https://www.youtube.com/watch?v=eagQsvREnyU,2023-08-10T13:01:07Z
tnfr1sV9zT8,धान मंडी भाटापारा || देखो क्या जा रहा है भाव || By CG BABU VLOG,https://www.youtube.com/watch?v=tnfr1sV9zT8,2023-07-12T03:28:22Z
nPitUf78-MA,करेला रायपुर सब्जी मंडी डूमर तराई price...,https://www.youtube.com/watch?v=nPitUf78-MA,2023-07-12T01:41:42Z
B2dtbEA-t2M,हल्दी में आज रिकॉर्ड बना #mandibhav #commodity #haldi #shorts #short #turmeric #हल्दी #anajmandibhav,https://www.youtube.com/watch?v=B2dtbEA-t2M,2023-07-11T14:03:27Z
j-YBYdR2Y1Q,पेंड्रावन बाजार टमाटर भाव 🍅#morchhattisgarh #tamatar #mandibhav #sabji_mandi_bhav,https://www.youtube.com/watch?v=j-YBYdR2Y1Q,2023-07-06T14:15:14Z
soC4y6_0tvo,धमधा बाजार 🍅#morchhattisgarh #cg #viral #dayanand #mandibhav #tamatarrate #tamatar #sabji_mandi_bhav,https://www.youtube.com/watch?v=soC4y6_0tvo,2023-07-05T06:19:16Z
0Gr8sz0isyQ,कृषि उपज मंडी भाटापारा छत्तीसगढ़//krishi upaj Mandi bhatapara Chhattisgarh//by Dilesh Verma,https://www.youtube.com/watch?v=0Gr8sz0isyQ,2023-06-22T02:36:04Z
shW59f37JUk,हरा मूंग का भाव 16 जून 2023 #viral #मूंग #youtubeshorts,https://www.youtube.com/watch?v=shW59f37JUk,2023-06-16T07:34:26Z
MfMxKV28Sd8,रायपुर सब्जी मंडी डूंगर तराई अदरक होलसेल मार्केट छत्तीसगढ़,https://www.youtube.com/watch?v=MfMxKV28Sd8,2023-06-09T03:53:47Z
HmOw2bW8c3A,"रायपुर सब्जी मंडी डूमर तराई होलसेल मार्केट सब्जी मंडी आलू ,प्याज हुआ महंगा",https://www.youtube.com/watch?v=HmOw2bW8c3A,2023-06-09T02:49:38Z
neYOf6RHJh0,Raipur sabji mandi wholesale dumartarai Chhattisgarh ₹100,https://www.youtube.com/watch?v=neYOf6RHJh0,2023-06-09T02:36:53Z
plO2DU6Mr8E,मात्र 4 हजार में बकरियां बसना बकरी बाजार छ०ग० में। SASTA BAKRI BAZAR BASNA BAKRI MANDI CHHATTISGARH,https://www.youtube.com/watch?v=plO2DU6Mr8E,2023-05-24T02:40:22Z
Ofw0qpOw2Hs,इमली का भाव ।अशोक नगर मंडी भाव।#इमली  #mandi #अशोकनगर,https://www.youtube.com/watch?v=Ofw0qpOw2Hs,2023-05-18T07:12:34Z
wwUUPV2lfPw,today Raipur sabji mandi bhav dumar tarai Chhattisgarh 4 may 23 $marketvlog,https://www.youtube.com/watch?v=wwUUPV2lfPw,2023-05-04T02:48:02Z
4heR8RjnpoI,धनिया का भाव आज का | Dhaniya Mandi bhav | coriander price,https://www.youtube.com/watch?v=4heR8RjnpoI,2023-04-06T07:11:41Z
HmOw2bW8c3A,"रायपुर सब्जी मंडी डूमर तराई होलसेल मार्केट सब्जी मंडी आलू ,प्याज हुआ महंगा",https://www.youtube.com/watch?v=HmOw2bW8c3A,2023-06-09T02:49:38Z
qOZAQ6lETQ4,सब्जी मंडी शिवरीनारायण sabaji mandi shivarinarayan || cg biker 22,https://www.youtube.com/watch?v=qOZAQ6lETQ4,2023-03-19T06:05:44Z
8cSDhzZApGE,"अरहर दाल , मसरी दाल का होलसेल भाव #a1hindijankari",https://www.youtube.com/watch?v=8cSDhzZApGE,2023-01-23T07:27:54Z
ABbVZv-pIOg,मंडी खबर : अरहर के भाव में उठा -पटक,https://www.youtube.com/watch?v=ABbVZv-pIOg,2023-01-18T12:07:17Z
TGnOu0xWVnQ,"Raipur mandi bhav today : आज का मंडी भाव रायपुर, रायपुर, छत्तीसगढ़  ।",https://www.youtube.com/watch?v=TGnOu0xWVnQ,2022-11-21T09:58:45Z
neYOf6RHJh0,Raipur sabji mandi wholesale dumartarai Chhattisgarh ₹100,https://www.youtube.com/watch?v=neYOf6RHJh0,2023-06-09T02:36:53Z
V8Eax2Oqdkc,Chhattisgarh की सबसे बड़ी कृषि उपज मंडी | धान समेत कई फसलों की होती है खरीदी,https://www.youtube.com/watch?v=V8Eax2Oqdkc,2022-10-26T06:24:24Z
fTeEKv5MiF8,#मंदसौर #सब्जी #मंडी #भाव | टमाटर बिके ऊंचे दाम पर मिर्ची की आवाक ज्यादा | Mandsaur sabji mandi bhav,https://www.youtube.com/watch?v=fTeEKv5MiF8,2022-10-14T21:36:08Z
fcq3rlLbWbM,बेड़ियां मंडी लाल मिर्ची भाव || Bediya Mandi  Red chilli Rate  | today mirchi bhav | 04/09/2022,https://www.youtube.com/watch?v=fcq3rlLbWbM,2022-09-04T10:10:58Z
gv3HvfX9yjo,आज का महुआ मंडी भाव (Mahua Mandi Bhav Today) 01 July 2022,https://www.youtube.com/watch?v=gv3HvfX9yjo,2022-07-01T11:23:59Z
Iu5WZqj90qE,आज का महुआ मंडी भाव (Mahua Mandi Bhav Today) 10 June  2022,https://www.youtube.com/watch?v=Iu5WZqj90qE,2022-06-10T08:32:31Z
zDQE7Qx2AYg,आज भीलवाड़ा मंडी से चना लाइव बोली भाव देखिए आई भारी तेजी,https://www.youtube.com/watch?v=zDQE7Qx2AYg,2022-06-07T11:59:38Z
Ofw0qpOw2Hs,इमली का भाव ।अशोक नगर मंडी भाव।#इमली  #mandi #अशोकनगर,https://www.youtube.com/watch?v=Ofw0qpOw2Hs,2023-05-18T07:12:34Z
Orc1gfwNh-Y,आज का सतना मंडी भाव (Satna Mandi Bhav Today) 26 May 2022,https://www.youtube.com/watch?v=Orc1gfwNh-Y,2022-05-25T17:18:06Z
pcijNo2EZys,भाटापारा - छत्तीसगढ़ की सबसे बड़ी भाटापारा कृषि उपज मंडी में सैकड़ो मजदूर-रेजाएँ बैठी हड़ताल पर,https://www.youtube.com/watch?v=pcijNo2EZys,2022-03-04T06:44:10Z
ZcXtCea8y3M,सबसे सस्ता तरबूज बाजार रायपुर | थोक और चिल्हर दोनो के भाव में तरबूज | Raipur Cg | Youtubeshorts |,https://www.youtube.com/watch?v=ZcXtCea8y3M,2023-04-25T15:41:12Z
lClh_FmFp_I,Mandi Bhav App || मंडी का भाव कैसे देखें || Mandi Ke Live Bhav Kaise Dekhe | How To See Market Rates,https://www.youtube.com/watch?v=lClh_FmFp_I,2022-02-27T01:50:00Z
SMJP1nyBPgs,आज का गेहूं का भाव  | 2600 गई गेंहू | #mandi #अशोकनगर,https://www.youtube.com/watch?v=SMJP1nyBPgs,2023-04-15T11:09:02Z
H8C4WfaRrCQ,आगर मंडी समाचार | नया गेहूं भाव ( 29 जूलाई 2025 ) Mandi new gehun rate today,https://www.youtube.com/watch?v=H8C4WfaRrCQ,2023-04-12T04:29:56Z
VCkBHdY1gBo,रायपुर मंडी में गेहूं के भाव में जोरदार तेजी। #रायपुर_मंडी_भाव #मंडी_भाव #गेहूं_का_भाव ।,https://www.youtube.com/watch?v=VCkBHdY1gBo,2023-04-07T09:39:23Z
Zrb7rpfT48k,जय माँ काली🙏🏴 #takhatpur #bilaspuriculture #bilaspur #chhattisgarh #jaimatadi #jaimakali,https://www.youtube.com/watch?v=Zrb7rpfT48k,2023-03-28T16:33:54Z
KoPzVvrDXm4,🔥 डॉलर चने का भाव इंदौर मंडी 25 March 2023 #youtubeshorts #mandibhav,https://www.youtube.com/watch?v=KoPzVvrDXm4,2023-03-25T07:23:00Z
gF8k1ATipAE,24/03/2023 । इंदौर मंडी तरबूज का भाव। #indoremandi #watermelon #garlicprice #garlic,https://www.youtube.com/watch?v=gF8k1ATipAE,2023-03-24T03:19:10Z
_LRhXGt4WzM,सरसो मे बम्पर तेजी के आसार #sarso #aajkemandibhav dhan ke taaja mandi bhav today dhan ke taaja mandi,https://www.youtube.com/watch?v=_LRhXGt4WzM,2023-03-03T08:46:49Z
Bt6wDGzqhdY,3 मार्च 2023 | ताल मंडी भाव | गेहूं | wheat rate today | no 1 kisan,https://www.youtube.com/watch?v=Bt6wDGzqhdY,2023-03-03T06:56:37Z
A3dRwrrF-kU,aj ka tamatar ka rate  #viral #cg #vegitables #tomato #mandi #mandibhav,https://www.youtube.com/watch?v=A3dRwrrF-kU,2023-02-21T03:24:29Z
oVElA-KlKsY,नीमच मंडी की महत्वपूर्ण जानकारी। Important Information of Neemauch Mandi @bharatkiatma,https://www.youtube.com/watch?v=oVElA-KlKsY,2021-12-30T03:18:09Z
5goDHaPIoxo,मक्का भाव छत्तीसगढ़।।makka bhav।। maizerate chattisgarh 25 नवंबर 2021,https://www.youtube.com/watch?v=5goDHaPIoxo,2021-11-26T05:21:56Z
__I222YpNVk,मक्का भाव छत्तीसगढ़ और आंध्र प्रदेश प्रदेश 2021,https://www.youtube.com/watch?v=__I222YpNVk,2021-11-21T07:12:47Z
fB0cqDzbZmg,आलू मंडी भाव,https://www.youtube.com/watch?v=fB0cqDzbZmg,2023-01-14T03:17:58Z
dp8W2XSbtaA,आगर मंडी मक्का का भाव || मक्का का भाव / (शुक्रवार 9 दिसंबर),https://www.youtube.com/watch?v=dp8W2XSbtaA,2022-12-09T03:59:18Z
kr1r7B4O4Vo,Mandi Bhav on fasal salah app demo || Mandi bhav #mandi #new #weather #mandala #ratesupdate,https://www.youtube.com/watch?v=kr1r7B4O4Vo,2022-09-06T10:02:22Z
G_c31-hTPsQ,online mandi bhav kaise jaane ! mobile pr mandi bhav kaise jaane,https://www.youtube.com/watch?v=G_c31-hTPsQ,2021-10-12T18:30:10Z
