title,published_date,channel,url,matched_query
इतना सस्ता? 😱 रायपुर सब्जी मंडी में मची लूट! | Raipur Wholesale Vegetable Market Rate,2026-09-16,Chhattisgarh sabji Mandi,https://www.youtube.com/watch?v=qagsA5jjAUc,raipur mandi sabji rate
16 September दिन बुधवार फुलगोभी 75 रूपये किलो बिका #ambikapur#sabji#chhattisgarh #mandi#vlog✅,2026-09-16, Ashish08 Vlog,https://www.youtube.com/watch?v=adRZGtuC_64,raipur mandi sabji rate
16 September Rajnandgaon sabji Mandi thok bhav #mandibhav #marketvlog#minivlog#farmer#rajnandgaon,2026-09-16,Mr. Agriman..🌱,https://www.youtube.com/watch?v=onQmBZ43llc,rajnandgaon mandi bhav
राजनांदगांव सब्जी मंडी आज का भाव ‼️[16-9-2026]#shorts #Rajnandgaon #SabjiMandiBhav #today update 🔥,2026-09-16,Chhattisgarh sabji Mandi,https://www.youtube.com/watch?v=nxBhJNQ00wo,rajnandgaon mandi bhav
16 सितंबर 2026 आज सब्जी टमाटर थोक मंडी भाव राजनांदगांव सब्जी मंडी छत्तीसगढ़। today vegetables 🍆🍆🍆🍆🍆🍆,2026-09-16,Hemant vaishnav ,https://www.youtube.com/watch?v=JKH0IDNhzQc,rajnandgaon mandi bhav
16 September आज का टमाटर भाव dhamdha mandi chhattisgarh rohansabjiwala #cg #farming #food ,2026-09-16,ROHAN SABJIWALA ,https://www.youtube.com/watch?v=AMG3PFPxieI,chhattisgarh mandi bhav today
यहां मिलेगा सब्जियों का डबल पैसा 📍दुर्ग मंडी छत्तीसगढ़ #cg #farming #viral #food .,2026-09-16,@mandi bhav-Durg,https://www.youtube.com/watch?v=-vFH500e0q0,chhattisgarh mandi bhav today
आज का ताजा भाव कवर्धा मंडी टमाटर 430 रु कैरेट // 16 सितम्बर दिन बुधवार Cg Laxmi Vlogs Kawardha mandi,2026-09-16,Cg Laxmi Vlogss,https://www.youtube.com/watch?v=yAFPXPkEk-Q,chhattisgarh mandi bhav today
आज का देशी बरबट्टी भाव छत्तीसगढ़ का gandai mandi Chhattisgarh #Rohansabjiwala #cg #farming,2026-09-16,🥇 Aaj Ka Sabji Bhav,https://www.youtube.com/watch?v=cMzToC7pWqE,chhattisgarh mandi bhav today
दुर्ग मंडी सब्जी का आज का रेट | Durg Sabji Mandi Bhav | Wholesale &amp; Retail Price Today 🌶️🧄,2026-09-16,Chhattisgarh sabji Mandi,https://www.youtube.com/watch?v=Nzl6nrzE-UM,chhattisgarh mandi sabji rate
16 सितंबर 2026 दिन बुधवार किसानों के लिए बड़ी खबर! छत्तीसगढ़ सिलफिली सूरजपुर मंडी में आज के ताजा भाव,2026-09-16,Lav Kumar Kushwaha ,https://www.youtube.com/watch?v=TkXFpwIu_nc,chhattisgarh mandi sabji rate
आज मंडी में प्याज क्या रेट चल रहा है कवर्धा छत्तीसगढ़ #trendingshorts #shortvideo #cgreels #pyaj,2026-09-16,Cg Laxmi Vlogss,https://www.youtube.com/watch?v=Y2eP4MFAtCI,chhattisgarh mandi sabji rate
15 September दिन मंगलवार टमाटर 🍅 350 रूपये करेट बिका #ambikapur#sabji#chhattisgarh #mandi#vlog✅,2026-09-15, Ashish08 Vlog,https://www.youtube.com/watch?v=a2sTtPIxpu4,raipur mandi sabji rate
रायपुर की सबसे सस्ती थोक सब्जी मंडी! 🔥 |Mandi Tour &amp; Today Rates #raipur #Chhattisgarh#shorts #viral,2026-09-15,Chhattisgarh sabji Mandi,https://www.youtube.com/watch?v=z2lcTUvDU9I,raipur mandi sabji rate
दुर्ग मंडी सब्जी का आज का रेट | Durg Sabji Mandi|#durg #mandibhav #Chhattisgarh #sabjimandi #shorts ,2026-09-15,Chhattisgarh sabji Mandi,https://www.youtube.com/watch?v=KPZo-nfki74,bhilai mandi sabji rate
15 September Rajnandgaon sabji mandi thok bhav #mandibhav #marketvlog#minivlog#rajnandgaon#farmer,2026-09-15,Mr. Agriman..🌱,https://www.youtube.com/watch?v=gO-nVj5Steo,rajnandgaon mandi bhav
15 सितंबर 2026 आज सब्जी टमाटर थोक मंडी भाव राजनांदगांव सब्जी मंडी छत्तीसगढ़। rajnandgaon sabji Mandi,2026-09-15,Hemant vaishnav ,https://www.youtube.com/watch?v=wvYchKBXEeI,rajnandgaon mandi bhav
आज का राजनांदगांव सब्जी मंडी भाव | Rajnandgaon Mandi Price Today | Chhattisgarh Sabji Rate,2026-09-15,Chhattisgarh sabji Mandi,https://www.youtube.com/watch?v=BadtYXk9uFQ,rajnandgaon mandi bhav
15 September आज क्या भाव बिका है टमाटर dhamdha mandi chhattisgarh rohansabjiwala #cg #farming #food ,2026-09-15,ROHAN SABJIWALA ,https://www.youtube.com/watch?v=mMQ0c2QgTc0,chhattisgarh mandi bhav today
"15द सितम्बर 2026, यहां बिका है टमाटर महंगा, सब्जियों का मंडी भाव क्या रहा जानिए इस वीडियो में।",2026-09-15,Ganesh Sabji Vlogs ,https://www.youtube.com/watch?v=jMOKcW4PGJg,chhattisgarh mandi bhav today
ऊँच डीह सब्जी मंडी छत्तीसगढ़ से ताजा भाव जाने आज का To day Mandi bhav टमाटर आज बहुत ज्यादा आ गया था ,2026-09-15,Rajwade  farming,https://www.youtube.com/watch?v=0QdqxXGkC5I,chhattisgarh mandi bhav today
15 सितंबर 2026 दिन मंगलवार छत्तीसगढ़ सिलफिली सूरजपुर मंडी में सब्जियों का भाव कहां पहुंचा ?,2026-09-15,Lav Kumar Kushwaha ,https://www.youtube.com/watch?v=WktvsCEmtCc,chhattisgarh mandi sabji rate
15 सितंबर 2026 दिन मंगलवार सिलफिली सब्जी मंडी जिला सूरजपुर में बरबटी 25.5 रुपये किलो।#pls subscribe🙏,2026-09-15,Lav Kumar Kushwaha ,https://www.youtube.com/watch?v=jF7Lye6eR-s,chhattisgarh mandi sabji rate
रायपुर का सबसे सस्ता थोक सब्जी बाजार! 😱 | Raipur Sabji Mandi Latest Price Today | CG Vlogs,2026-09-14,Chhattisgarh sabji Mandi,https://www.youtube.com/watch?v=ajPa679qABI,raipur mandi sabji rate
14 September दिन सोमवार फुलगोभी 55 रूपये किलो बिका #ambikapur#sabji#chhattisgarh #mandi#vlog✅,2026-09-14, Ashish08 Vlog,https://www.youtube.com/watch?v=xtLy5Fe9KAY,raipur mandi sabji rate
दुर्ग मंडी सब्जी का आज का रेट |  Wholesale &amp; Retail Price Today #durg #Chhattisgarh#shorts #trending,2026-09-14,Chhattisgarh sabji Mandi,https://www.youtube.com/watch?v=5nW0bbfwyKI,bhilai mandi sabji rate
राजनांदगांव सब्जी मंडी 🔥आज का भाव ‼️today update #Rajnandgaon #SabjiMandi #shorts #trending #viral,2026-09-14,Chhattisgarh sabji Mandi,https://www.youtube.com/watch?v=h0_WLwERhfQ,bhilai mandi sabji rate
आज का राजनांदगांव सब्जी मंडी भाव | Rajnandgaon Mandi Price Today | #shorts #trending #viral #vlog,2026-09-14,Chhattisgarh sabji Mandi,https://www.youtube.com/watch?v=b2Tlk25jErM,rajnandgaon mandi bhav
छत्तीसगढ़ की सबसे बड़ी धान मंडी भाटापारा 🌾 #shorts,2026-09-14,Dayanidhi Painkra ,https://www.youtube.com/watch?v=WLOnNnRJwHA,chhattisgarh mandi bhav today
14 September 2026  आज क्या भाव बिका देशी और बंगलौर टमाटर Dhamdha mandi chhattisgarh me #cg #farming ,2026-09-14,ROHAN SABJIWALA ,https://www.youtube.com/watch?v=iSNYb99-ZmI,chhattisgarh mandi bhav today
"14सितम्बर 2026, टमाटर भाव में तेजी आया है जानिए आज का सब्जियों का भाव क्या रहा ‼️  ganeshsabjivlogs",2026-09-14,Ganesh Sabji Vlogs ,https://www.youtube.com/watch?v=aZfLq2O6d-U,chhattisgarh mandi bhav today
सब्जी मंडी भाव आज छत्तीसगढ़ राज्य से उच्च डीह सब्जी मंडी uchh dih sabji Mandi to day mandi bhav ,2026-09-14,Rajwade  farming,https://www.youtube.com/watch?v=7xvyHVcICt0,chhattisgarh mandi bhav today
"14 सितंबर 2026 दिन सोमवार सूरजपुर सब्जी मंडी का ताजा भाव, #आज कौन सी सब्जी बिकी सबसे महंगी ?",2026-09-14,Lav Kumar Kushwaha ,https://www.youtube.com/watch?v=5ps11bfA3Cg,chhattisgarh mandi bhav today
12 September 2026 देशी टमाटर भाव देखिए gandai mandi chhattisgarh से rohansabjiwala #cg #farming ,2026-09-14,🥇 Aaj Ka Sabji Bhav,https://www.youtube.com/watch?v=QY1FlaJKwc0,chhattisgarh mandi bhav today
आज का भाव कुम्हारी मंडी (दुर्ग छत्तीसगढ़) #sabjimandi #mandibhav #aaj ka bhav #durg #youtubevideo ,2026-09-14,Mba sabjiwala 007,https://www.youtube.com/watch?v=3Qz5dK4YxVo,chhattisgarh mandi bhav today
आज की सब्जियों के भाव 🥬 | मेरी सब्जी की दुकान का पूरा दिन | Vegetable Market Vlog,2026-09-13,Shyam Vlogger 04 ,https://www.youtube.com/watch?v=bSvGE6H2V9g,raipur mandi sabji rate
13 September दिन रविवार 🍅 400 रूपये पन्नी बिका #ambikapur#sabji#chhattisgarh #mandi#vlog✅,2026-09-13, Ashish08 Vlog,https://www.youtube.com/watch?v=iPRwrk1wWCc,raipur mandi sabji rate
भारी लूट ‼️राजनांदगांव सब्जी मंडी में क्या रेट है? Rajnandgaon Sabji Mandi Today update ![13-9-26],2026-09-13,Chhattisgarh sabji Mandi,https://www.youtube.com/watch?v=Y4HCU4lvua4,bhilai mandi sabji rate
13 September Rajnandgaon thok mandi bhav #mandibhav #marketvlog#minivlog#agriculture #rajnandgaon,2026-09-13,Mr. Agriman..🌱,https://www.youtube.com/watch?v=XOnCwIv4go4,rajnandgaon mandi bhav
13 September 2026 आज तो टमाटर और सब्जी बहुत सस्ता है dhamdha mandi chhattisgarh rohansabjiwala #cg ,2026-09-13,ROHAN SABJIWALA ,https://www.youtube.com/watch?v=s7UcoZbp2XU,chhattisgarh mandi bhav today
आज का दुर्ग सब्जी मंडी भाव | CG Durg Mandi Rate Today [तारीख डालें],2026-09-13,Chhattisgarh sabji Mandi,https://www.youtube.com/watch?v=0K-QL-IDX_c,chhattisgarh mandi sabji rate
12 September 2026 देशी टमाटर भाव देखिए gandai mandi chhattisgarh से rohansabjiwala #cg #farming ,2026-09-12,ROHAN SABJIWALA ,https://www.youtube.com/watch?v=kUsZVeDu1Ak,chhattisgarh mandi bhav today
Gold Rate Today 16 Septmber 2026 | Aaj Ka Sone Ka Bhav | 22K 24K Gold Price Today | Silver Rate,2026-09-12,Gold update India,https://www.youtube.com/watch?v=Bqj8ZHqAhZs,chhattisgarh mandi bhav today
दुर्ग सब्जी मंडी आज का भाव | Durg Sabji Mandi Rate Today | [11-9-2026]#shorts #trending #viral #vlog,2026-09-11,Chhattisgarh sabji Mandi,https://www.youtube.com/watch?v=PP0c5jXHV-U,raipur mandi sabji rate
11 September दिन शुक्रवार करेला 35रूपये किलो बिका #ambikapur#sabji#chhattisgarh #mandi#vlog✅,2026-09-11, Ashish08 Vlog,https://www.youtube.com/watch?v=im28ohe8_M0,raipur mandi sabji rate
11 September 2026 🥦🫑सब्जियों का भाव गाजीपुर मंडी दिल्ली | today vegitables rates delhi mandi #sabji ,2026-09-11,Bharat ke bazar ,https://www.youtube.com/watch?v=EymrXSVp4EI,raipur mandi sabji rate
आज राजनांदगांव सब्जी मंडी में क्या रेट है? Rajnandgaon Sabji Mandi Daily Update 🔥🚨[11-9-2026],2026-09-11,Chhattisgarh sabji Mandi,https://www.youtube.com/watch?v=pHehT8nCkWM,bhilai mandi sabji rate
दुर्ग सब्जी मंडी आज का भाव | Durg Sabji Mandi Rate Today | [आज की तारीख लिखें],2026-09-11,Chhattisgarh sabji Mandi,https://www.youtube.com/watch?v=tDAhYoDySto,bhilai mandi sabji rate
11 September 2026 आज का टमाटर भाव देखिए करेला महंगा है dhamdha mandi chhattisgarh rohansabjiwala ,2026-09-11,ROHAN SABJIWALA ,https://www.youtube.com/watch?v=iU5yyY629Js,chhattisgarh mandi bhav today
शाजापुर मंडी प्याज भाव आज | प्याज ₹4500 तक | Shajapur Mandi Onion Rate | 11 सितंबर 2026,2026-09-11,🌾किसान मंडी भाव ⭐️,https://www.youtube.com/watch?v=jvSxPqVnTXU,chhattisgarh mandi bhav today
11  सितंबर 2026 दिन शुक्रवार सिलफिली सब्जी मंडी में बरबटी 31 रुपये किलो। #please subscribe🙏,2026-09-11,Lav Kumar Kushwaha ,https://www.youtube.com/watch?v=kYBs_9E21ok,chhattisgarh mandi sabji rate
डुमरतराई थोक सब्जी मंडी रायपुर | आज का ताज़ा सब्जी भाव [10-9-2026] | #shorts #trending #viral #vlog,2026-09-10,Chhattisgarh sabji Mandi,https://www.youtube.com/watch?v=0XmjUXj6DDM,raipur mandi sabji rate
10 September दिन गुरूवार  टामाटर 600 रूपये करेट बिका #ambikapur#sabji#chhattisgarh #mandi#vlog✅,2026-09-10, Ashish08 Vlog,https://www.youtube.com/watch?v=NEi13cEODcg,raipur mandi sabji rate
10 September 2026 टमाटर सब्जी दोनों सस्ता है आज Dhamdha mandi chhattisgarh rohansabjiwala #cg #food ,2026-09-10,ROHAN SABJIWALA ,https://www.youtube.com/watch?v=ry2KdKXiux4,raipur mandi sabji rate
10 September Rajnandgaon thok sabji mandi #mandibhav #marketvlog #minivlogs #rajnandgaon,2026-09-10,Mr. Agriman..🌱,https://www.youtube.com/watch?v=MyqDaJqfLvU,rajnandgaon mandi bhav
🥺Aaj market me aaya bhri girawat !! Rajnandgaon sabji mandi me tewhar ke karn sabji ka ret gora🥺🍅 ,2026-09-10,CG Gulli boy comedy videos,https://www.youtube.com/watch?v=dk7HRqWpZ8Y,rajnandgaon mandi bhav
रायगढ़ पटेलपली मंडी में 500 कैरेट फूल गोभी 😱🔥 | आज का सब्जी मंडी भाव | Raigarh Mandi,2026-09-10,nainmohini vlogs ,https://www.youtube.com/watch?v=vbbXwE6T8o8,chhattisgarh mandi bhav today
आलू का माहौल बदला जाने / आज का आलू का भाव / aaj ka aloo ka bhav / mandi bhav today / aalu ka rate ,2026-09-10,Real Farmer Education ,https://www.youtube.com/watch?v=L3tRb_a5Thw,chhattisgarh mandi bhav today
Gold Rate Today 16 Septmber 2026 | Aaj Ka Sone Ka Bhav | 22K 24K Gold Price Today | Silver Rate,2026-09-10,Gold update India,https://www.youtube.com/watch?v=2FexCeZJMPw,chhattisgarh mandi bhav today
दुर्ग सब्जी मंडी आज का भाव | Durg Sabji Mandi Rate Today | [10-92026],2026-09-10,Chhattisgarh sabji Mandi,https://www.youtube.com/watch?v=A_Ix5-LuoQc,chhattisgarh mandi sabji rate
डुमरतराई थोक सब्जी मंडी रायपुर | आज का ताज़ा सब्जी भाव [9-9-2026] | Dumartarai Sabji Mandi ,2026-09-09,Chhattisgarh sabji Mandi,https://www.youtube.com/watch?v=t4rX6qg2R2s,raipur mandi sabji rate
9 September दिनl बुधवार फुलगोभी 65 रूपये किलो बिका #ambikapur#sabji#chhattisgarh #mandi#vlog✅,2026-09-09, Ashish08 Vlog,https://www.youtube.com/watch?v=GueHy-NlLO8,raipur mandi sabji rate
Rajnandgaon Sabji Mandi Bhav Today 🔥 आज सब्जी मंडी में क्या है रेट?,2026-09-09,Chhattisgarh sabji Mandi,https://www.youtube.com/watch?v=QgJ7SqvWDKE,rajnandgaon mandi bhav
आज सब्जी मंडी में आया भरी गिरावट।। राजनांदगांव सब्जी मंडी के रेत जानने के लिए देख vlog।।,2026-09-09,CG Gulli boy comedy videos,https://www.youtube.com/watch?v=hxw1thvdW2A,rajnandgaon mandi bhav
09 सितम्बर 2026 आज का टमाटर भाव जानिए क्या भाव बिका देशी टमाटर dhmdha mandi chhattisgarh se #cg ,2026-09-09,ROHAN SABJIWALA ,https://www.youtube.com/watch?v=g9ycEHExHUM,chhattisgarh mandi bhav today
सबसे सस्ता सब्जी मंडी 📍दुर्ग मंडी छत्तीसगढ़ #cg #farming #food #viral #chhattisgarh .,2026-09-09,@mandi bhav-Durg,https://www.youtube.com/watch?v=7ZblJLj8msg,chhattisgarh mandi bhav today
09  सितंबर 2026 देशी टमाटर का मंडी भाव गंडई मंडी छत्तीसगढ़ Rohan sabjiwala #cg #farming #food ,2026-09-09,ROHAN SABJIWALA ,https://www.youtube.com/watch?v=md4YUBlIiUY,chhattisgarh mandi bhav today
9 सितंबर 2026 indore मंडी धनिया 12 ₹ किलो super #mandi #mandibhav,2026-09-09,mandibhavindore18,https://www.youtube.com/watch?v=KIdyy6Ph14o,chhattisgarh mandi bhav today
Gold Rate Today 16 Septmber 2026 | Aaj Ka Sone Ka Bhav | 22K 24K Gold Price Today | Silver Rate,2026-09-09,Gold update India,https://www.youtube.com/watch?v=T9XEmtSM2fE,chhattisgarh mandi bhav today
Raipur Sabji Mandi Today Rate 🔥 रायपुर मंडी का आज का ताज़ा भाव देखकर चौंक जाएंगे!,2026-09-08,Chhattisgarh sabji Mandi,https://www.youtube.com/watch?v=uX_mM6H8lRM,raipur mandi sabji rate
Raipur Sabji Mandi Today Rate 🔥 रायपुर मंडी का आज का ताज़ा भाव देखकर चौंक जाएंगे!,2026-09-08,Chhattisgarh sabji Mandi,https://www.youtube.com/watch?v=hDiPwE9_Vec,raipur mandi sabji rate
मौसम खोलते ही अंबिकापुर सब्जी मंडी का रेट देखें कौन सी सब्जी का कितना रेट रहा AgriVibes CG15 ,2026-09-08,AgriVibes Matlub,https://www.youtube.com/watch?v=EEy1AwitP4I,raipur mandi sabji rate
8 September Rajnandgaon sabji mandi bhav #mandibhav #marketvlog #minivlog#rajnandgaon#farmer,2026-09-08,Mr. Agriman..🌱,https://www.youtube.com/watch?v=nR1uV1BWvZ0,rajnandgaon mandi bhav
परी टमाटर भाव dhamdha mandi chhattisgarh rohansabjiwala #cg #farming #food,2026-09-08,ROHAN SABJIWALA ,https://www.youtube.com/watch?v=u8-9fZYq3lc,chhattisgarh mandi bhav today
आज का भाव बेरला मंडी (छत्तीसगढ़) #mandibhav #volg #marketupdate #cgmandibhav #berlamandi ,2026-09-08,Mba sabjiwala 007,https://www.youtube.com/watch?v=uzQsh7pN9WQ,chhattisgarh mandi bhav today
08 September 2026 देशी टमाटर महंगा बिका है dhamdha mandi chhattisgarh rohansabjiwala #cg #farming ,2026-09-08,ROHAN SABJIWALA ,https://www.youtube.com/watch?v=ovzgFuO-Tsw,chhattisgarh mandi sabji rate
छत्तीसगढ़ का टमाटर आना शुरू हो गया 📍दुर्ग मंडी छत्तीसगढ़ #cg #farming #food #viral #khetibadi #vlog ,2026-09-08,@mandi bhav-Durg,https://www.youtube.com/watch?v=yr6i3hsIyJE,chhattisgarh mandi sabji rate
7  सितंबर दिनl सोमवार परवल 40रूपये किलो बिका #ambikapur#sabji#chhattisgarh #mandi#vlog✅,2026-09-07, Ashish08 Vlog,https://www.youtube.com/watch?v=7VXhcAuN3Yg,raipur mandi sabji rate
किसानों की खुली किस्मत सब्जी बीका रिकॉर्ड तोड़ रेट।,2026-09-07,JHARKHANDI VLOGGER,https://www.youtube.com/watch?v=gt0gOj_9vWw,raipur mandi sabji rate
RAIPUR SABJI MANDI GOBHI KA BHAV #raipur #streetfood,2026-09-07,Raipur sabji Mandi,https://www.youtube.com/watch?v=ZCayJKQDHkQ,raipur mandi sabji rate
07 September 2026 आज का टमाटर भाव सब्जी महंगा हो रहा है dhamdha mandi chhattisgarh rohansabjiwala ,2026-09-07,ROHAN SABJIWALA ,https://www.youtube.com/watch?v=CRZNZbSNFfo,rajnandgaon mandi bhav
राजनांदगांव मंडी का आज का ताज़ा भाव देखकर चौंक जाएंगे! 🚨 Today Vegetable Market Rate🔥📉 ⚠️,2026-09-07,Chhattisgarh sabji Mandi,https://www.youtube.com/watch?v=cSW1wik0DSk,rajnandgaon mandi bhav
🔥 6 सितंबर 2026 चिप्स सोना आलू रेट ₹10 गढ़मुक्तेश्वर सब्जी मंडी # trending shots #ytshorts #youtuber,2026-09-06,GADH MANDI 81,https://www.youtube.com/watch?v=QjrvxPZoqSQ,raipur mandi sabji rate
डुमरतराई थोक सब्जी मंडी रायपुर | आज का ताज़ा सब्जी भाव [6-9-2026] |  #shorts #trending #viral #vlog,2026-09-06,Chhattisgarh sabji Mandi,https://www.youtube.com/watch?v=_Yh49JMjeIU,raipur mandi sabji rate
6 September Rajnandgaon sabji Mandi bhav #mandibhav #marketvlog #minivlog #farmer,2026-09-06,Mr. Agriman..🌱,https://www.youtube.com/watch?v=eDOVlPg5Cxw,rajnandgaon mandi bhav
Rajnandgaon Sabji Mandi Bhav Today 🔥 आज सब्जी मंडी में क्या है रेट?#shorts #trending #viral #vlog,2026-09-06,Chhattisgarh sabji Mandi,https://www.youtube.com/watch?v=bnCgx7vO1so,rajnandgaon mandi bhav
06 September 2026🔥 देसी टमाटर की बंपर आवक शुरू! Gandai mandi chhattisgarh rohansabjiwala #cg #food ,2026-09-06,ROHAN SABJIWALA ,https://www.youtube.com/watch?v=gg-8Kf4qLAY,chhattisgarh mandi bhav today
अम्बिकापुर का मांदर बाज़ार | कम्पनी बाज़ार मांदर |Ambikapur mandar bazar ,2026-09-06,sumant surgujiha,https://www.youtube.com/watch?v=-GV5xzAxNE4,chhattisgarh mandi sabji rate
Raipur Sabji Mandi Today Rate 🔥 रायपुर मंडी का आज का ताज़ा भाव देखकर चौंक जाएंगे!,2026-09-05,Chhattisgarh sabji Mandi,https://www.youtube.com/watch?v=0gy2EIVzarE,raipur mandi sabji rate
5 सितंबर दिनl शनिवार फुलगोभी 45 रूपये किलो बिका #ambikapur#sabji#chhattisgarh #mandi#vlog✅,2026-09-05, Ashish08 Vlog,https://www.youtube.com/watch?v=GkhXcybhevA,raipur mandi sabji rate
रायपुर सब्जी मंडी में भारी बदलाव!😱आलू-प्याज़ और टमाटर के दामों में भारी गिरावट/उछाल |#shorts #viral ,2026-09-05,Chhattisgarh sabji Mandi,https://www.youtube.com/watch?v=KPjPy8vnoQQ,raipur mandi sabji rate
5 September Rajnandgaon sabji mandi thok bhav #mandibhav #marketvlog #minivlog#marketing#rajnandgaon,2026-09-05,Mr. Agriman..🌱,https://www.youtube.com/watch?v=EslHyA0nzYk,rajnandgaon mandi bhav
शाजापुर मंडी प्याज भाव आज 🧅 | प्याज का अधिकतम भाव ₹4451 | Shajapur Mandi Onion Bhav,2026-09-05,🌾किसान मंडी भाव ⭐️,https://www.youtube.com/watch?v=zEbyEV30kEU,chhattisgarh mandi bhav today
Gold Rate Today 16 Septmber 2026 | Aaj Ka Sone Ka Bhav | 22K 24K Gold Price Today | Silver Rate,2026-09-05,Gold update India,https://www.youtube.com/watch?v=DlZ6V0YmYZs,chhattisgarh mandi bhav today
4 सितंबर 2026 | आज के भाव | Dumarteri थोक सब्जी मंडी रायपुर | Wholesale Sabji Mandi Raipur,2026-09-04,Sukramsona vlogs,https://www.youtube.com/watch?v=3KkrGlMg8Zg,raipur mandi sabji rate
कवर्धा सब्जी मंडी आज का ताजा रेट टमाटर 200 से 500 रु कैरेट 4 सितम्बर दिन शुक्रवार Cg Laxmi Vlogs ,2026-09-04,Cg Laxmi Vlogss,https://www.youtube.com/watch?v=_fgH6-FLuzc,raipur mandi sabji rate
"सब्जियों का रेट ने तोड़ा रिकॉर्ड, किसानों में खुशियों का लहर।",2026-09-04,JHARKHANDI VLOGGER,https://www.youtube.com/watch?v=T7sz_DgDKXs,raipur mandi sabji rate
4 सितंबर दिन ￼शुक्रवार हरी सब्ज़ियो का ताजा रेट जानिये #ambikapur#sabji#chhattisgarh #mandi#vlog✅,2026-09-04, Ashish08 Vlog,https://www.youtube.com/watch?v=MYCz_fpc6q4,raipur mandi sabji rate
Rajnandgaon Sabji Mandi Bhav Today🔥आज सब्जी मंडी में क्या है रेट? [4-9-2026]#shorts #trending #viral,2026-09-04,Chhattisgarh sabji Mandi,https://www.youtube.com/watch?v=Ixlzt6-Vxb0,rajnandgaon mandi bhav
4 September Rajnandgaon sabji mandi thok bhav #mandibhav #marketvlog #agriculture#minivlog,2026-09-04,Mr. Agriman..🌱,https://www.youtube.com/watch?v=uHCESXaBArE,rajnandgaon mandi bhav
04 सितंबर 2026 यहां मिलता है सस्ता सब्जियां📍दुर्ग मंडी छत्तीसगढ़।#cg #farming #viral #food #kheti .,2026-09-04,@mandi bhav-Durg,https://www.youtube.com/watch?v=SDlwEDuT4ac,chhattisgarh mandi sabji rate
कृष्णा जन्माष्टमी के दिन अंबिकापुर सब्जी मंडी में बहुत अच्छा रेट रहा सभी सब्जियों का AgriVibes CG15 ,2026-09-04,AgriVibes Matlub,https://www.youtube.com/watch?v=P6faDp1zu9k,chhattisgarh mandi sabji rate
barbatti 20 रूपये किलो बिका अंबिकापुर में 😱✅#sabji #mandi #ambikapur #chhattisgarh #shorts #viral,2026-09-04, Ashish08 Vlog,https://www.youtube.com/watch?v=SHvGyJk2RXc,chhattisgarh mandi sabji rate
3 सितंबर दिन गुरूवार हरी सब्ज़ियो का ताजा रेट जानिये #ambikapur#sabji#chhattisgarh #mandi#vlog✅,2026-09-03, Ashish08 Vlog,https://www.youtube.com/watch?v=6fRQxrZ_IJs,raipur mandi sabji rate
धमाका रेट! टमाटर और हरी मिर्च के दामों में आई बड़ी गिरावट | Raipur Sabji Mandi Chhattisgarh💥#shorts,2026-09-03,Chhattisgarh sabji Mandi,https://www.youtube.com/watch?v=JFZYDduK9ok,raipur mandi sabji rate
राजनांदगांव मंडी में सब्जियों के दामों में भारी बदलाव! 🚨 | आज का सब्जी मंडी भाव,2026-09-03,Chhattisgarh sabji Mandi,https://www.youtube.com/watch?v=n6qVrj9enNw,rajnandgaon mandi bhav
"Aaj Chandi Ka Bhav,  Aaj Ke Chandi Ke Rate | Silver Rate Today, Silver Price Today ",2026-09-03,Free me Jano,https://www.youtube.com/watch?v=QQd5xIYmDjE,chhattisgarh mandi bhav today
शाजापुर मंडी प्याज भाव आज | प्याज ₹4500 तक | Shajapur Mandi Onion Rate Today,2026-09-03,🌾किसान मंडी भाव ⭐️,https://www.youtube.com/watch?v=qx3SiSyfmPk,chhattisgarh mandi bhav today
आज का प्याज भाव 🧅 Today Onion Price | onion rate today | 3 sep 2026 |  Delhi keshopur mandi #pyaj,2026-09-03,Delhi Fresh Market,https://www.youtube.com/watch?v=nDaHFiY5hMo,chhattisgarh mandi bhav today
03 September 2026 आज टमाटर सस्ता है dhamdha mandi chhattisgarh rohansabjiwala #cg #farming #food ,2026-09-03,ROHAN SABJIWALA ,https://www.youtube.com/watch?v=vOz2TgDzyHo,chhattisgarh mandi sabji rate
02 सितंबर 2026 आज क्या भाव बिका टमाटर जानिए पूरी मंडी भाव 📍दुर्ग मंडी छत्तीसगढ़।#cg #farming #viral ,2026-09-02,@mandi bhav-Durg,https://www.youtube.com/watch?v=GABOlE-Hm9A,chhattisgarh mandi bhav today
Gold Rate Today 16 Septmber 2026 | Aaj Ka Sone Ka Bhav | 22K 24K Gold Price Today | Silver Rate,2026-09-02,Gold update India,https://www.youtube.com/watch?v=9tVGqT1GI-s,chhattisgarh mandi bhav today
1 सितंबर2026 दिन मंगलवार अंबिकापुर सिलफिली थोक सब्जी मंडी में#आज सभी ताजा सब्जियों का रेट भाव देखिए ,2026-09-01,Lav Kumar Kushwaha ,https://www.youtube.com/watch?v=-nmfFpQL17I,raipur mandi sabji rate
01 सितंबर 2026 आज सबसे ज्यादा महंगा हुआ टमाटर 📍Durg mandi Chhattisgarh.#cg #farming #viral #food ,2026-09-01,@mandi bhav-Durg,https://www.youtube.com/watch?v=oDxMX0yOV0Q,bhilai mandi sabji rate
1 सितंबर 2026 सब्जियों का बाजार मंदा 😱 | भोपाल करोंद मंडी में आज के सब्जी भाव 🥦🌶️🥒🫑🍆| कृषि विचार,2026-09-01,कृषि  विचार,https://www.youtube.com/watch?v=O9J8mORGIp4,bhilai mandi sabji rate
1 September Rajnandgaon Mandi bhav #mandibhav#minivlog#marketvlog#rajnandgaon,2026-09-01,Mr. Agriman..🌱,https://www.youtube.com/watch?v=iK-RjBbDFIw,rajnandgaon mandi bhav
"राजनांदगांव सब्जी मंडी भाव | आलू, प्याज, टमाटर का ताजा रेट | Rajnandgaon News Today फुल गोभी#shorts",2026-09-01,Chhattisgarh sabji Mandi,https://www.youtube.com/watch?v=Stk7K2kRbgM,rajnandgaon mandi bhav
रायपुर की सबसे बड़ी! होलसेल सब्जी मंडी का आज का भाव Raipur Market Sabji Rate [31-8-26]#shorts #vlog ,2026-08-31,Chhattisgarh sabji Mandi,https://www.youtube.com/watch?v=AEhfgcMQcvI,raipur mandi sabji rate
31 August परवल 40 रूपये किलो बिक रहा है 😱#ambikapur#sabji #chhattisgarh #mandi #vlogs ,2026-08-31, Ashish08 Vlog,https://www.youtube.com/watch?v=u_tOtUczIXY,raipur mandi sabji rate
राजनांदगांव मंडी में सब्जियों के दामों में भारी बदलाव! 🚨 | आज का सब्जी मंडी#shorts #trending #viral ,2026-08-31,Chhattisgarh sabji Mandi,https://www.youtube.com/watch?v=UvnVA29bwzQ,rajnandgaon mandi bhav
31 August 2026 दिल्ली सभी फलों के होलसेल भाव  today fruits market price APMC delhi fruit market,2026-08-31,Delhi Fruit Market,https://www.youtube.com/watch?v=3VZx955iJww,chhattisgarh mandi bhav today
🚨 रायपुर मंडी में मची भारी खलबली! आज का ताजा भाव देखकर उड़ जाएंगे होश | Raipur Sabji Mandi #shorts😱🔥,2026-08-30,Chhattisgarh sabji Mandi,https://www.youtube.com/watch?v=-Fg1RI9u3fM,raipur mandi sabji rate
30 August Rajnandgaon sabji Mandi bhav #mandibhav #marketvlog#minivlog#rajnandgaon#farmer,2026-08-30,Mr. Agriman..🌱,https://www.youtube.com/watch?v=1lbkpuUGl_Y,rajnandgaon mandi bhav
धमाका रेट! टमाटर और हरी मिर्च के दामों में आई बड़ी गिरावट | Raipur Sabji M💥#shorts #trending #viral,2026-08-29,Chhattisgarh sabji Mandi,https://www.youtube.com/watch?v=XsAHp0EPDRI,raipur mandi sabji rate
धमाका रेट! टमाटर और हरी मिर्च के दामों में आई बड़ी गिरावट | Raipur Sabji Mandi Bhav Chhattisgarh 💥,2026-08-29,Chhattisgarh sabji Mandi,https://www.youtube.com/watch?v=KgK5neyPgUo,raipur mandi sabji rate
29 अगस्त 2026 बारिश के कारण टमाटर भाव में भारी गिरावट Durg mandi Chhattisgarh.#cg #viral #farming .,2026-08-29,@mandi bhav-Durg,https://www.youtube.com/watch?v=t58MldKh950,bhilai mandi sabji rate
आज का देशी टमाटर भाव छत्तीसगढ़ का लोकल टमाटर gandai mandi Chhattisgarh #Rohansabjiwala #cg #farming,2026-08-29,ROHAN SABJIWALA ,https://www.youtube.com/watch?v=DqjSYiXaGtA,chhattisgarh mandi bhav today
29 August 2026 देशी टमाटर चालू हो गया है छत्तीसगढ़ का  Rohansabjiwala Gandai mandi Chhattisgarh ,2026-08-29,ROHAN SABJIWALA ,https://www.youtube.com/watch?v=rVFmqZljZVg,chhattisgarh mandi bhav today
राजनांदगांव सब्जी मंडी भाव | Rajnandgaon Sabji Mandi Bhav Today | [28-8-2026]#shorts ,2026-08-28,Chhattisgarh sabji Mandi,https://www.youtube.com/watch?v=luUMWVhVS5U,rajnandgaon mandi bhav
27 अगस्त 2026 | आज के ताज़ा सब्जी भाव 🔥 | Shastri Market Sabji Mandi Raipur | आज का मंडी रेट,2026-08-27,Sukramsona vlogs,https://www.youtube.com/watch?v=oJ_o_upKFJ0,raipur mandi sabji rate
27 August टमाटर 700 रूपये कैरेट बिक रहा है 😱#ambikapur#sabji #chhattisgarh #mandi #vlogs ,2026-08-27, Ashish08 Vlog,https://www.youtube.com/watch?v=M9dWSoIiUXQ,raipur mandi sabji rate
"यहां मिलेगा मिठाइयों से भी सस्ता फल,fal mandi power house bhilai Chhattisgarh#cg #fruit#viral#food. ",2026-08-27,@mandi bhav-Durg,https://www.youtube.com/watch?v=rEFPRNUNm2s,bhilai mandi sabji rate
27 August Rajnandgaon sabji Mandi bhav# #mandibhav#marketvlog #minivlog #rajnandgaon,2026-08-27,Mr. Agriman..🌱,https://www.youtube.com/watch?v=Eu0wQMkTqWU,rajnandgaon mandi bhav
"16 सितंबर 2026 ,लहसुन मंडी | Aaj Ka Lahsun Ka Bhav | Today lahsun #garlicratetoday",2026-08-27,Mandiyon Ke bhav,https://www.youtube.com/watch?v=WaU7GxkvQAc,chhattisgarh mandi bhav today
27 August 2026 टमाटर सब्जी सब सस्ता है मिर्ची धनिया सस्ता है Dhamdha Mandi Chhattisgarh,2026-08-27,ROHAN SABJIWALA ,https://www.youtube.com/watch?v=8nCrTcEm46E,chhattisgarh mandi bhav today
26 August खुकड़ीं 300 रूपये किलो बिक रहा है 😱#ambikapur#sabji #chhattisgarh #mandi #vlogs ,2026-08-26, Ashish08 Vlog,https://www.youtube.com/watch?v=RvGAlXGRTQ0,raipur mandi sabji rate
राजनांदगांव सब्जी मंडी भाव आज का | Rajnandgaon Sabzi Mandi Bhav #shorts #sabzimandibhav,2026-08-26,Chhattisgarh sabji Mandi,https://www.youtube.com/watch?v=HxQCZXUZuvo,rajnandgaon mandi bhav
Dongargaon Sabzi Mandi Bhav Today | डोंगरगांव सब्जी मंडी भाव आज का | [26-8-2026],2026-08-26,Chhattisgarh sabji Mandi,https://www.youtube.com/watch?v=Tx5vX36jq4o,rajnandgaon mandi bhav
Dongargaon Mandi Bhav Today | डूंगरगांव मंडी भाव आज का | [26-8-2026]#shorts #shortvideo #viral,2026-08-26,Chhattisgarh sabji Mandi,https://www.youtube.com/watch?v=Ge5F1z01j7U,rajnandgaon mandi bhav
26 August Rajnandgaon sabji mandi bhav #mandibhav#marketvlog#minivlog#rajnandgaon#farmer,2026-08-26,Mr. Agriman..🌱,https://www.youtube.com/watch?v=oAIjszhrDtc,rajnandgaon mandi bhav
Chhattisgarh ka sabse बड़ा सब्जी मंडी में आज का रेत हुआ hai फाई रेत जानने के लिए देखvlog #vlogvideo ,2026-08-26,CG Gulli boy comedy videos,https://www.youtube.com/watch?v=c4bZGoPKo5Y,rajnandgaon mandi bhav
26 August 2026 यहाँ मिलेगा सब्जी टमाटर सस्ता मे Dhamdha Mandi Chhattisgarh #Rohansabjiwala #cg #food,2026-08-26,ROHAN SABJIWALA ,https://www.youtube.com/watch?v=IMeo0M0PPoE,chhattisgarh mandi bhav today
25 August Rajnandgaon sabji Mandi bhav #mandibhav#marketvlog#minivlog#farming,2026-08-25,Mr. Agriman..🌱,https://www.youtube.com/watch?v=D4N2aMhL8UY,rajnandgaon mandi bhav
छत्तीसगढ़ का सबसे बड़ा सब्जी मंडी।। आज टमाटर 🍅 का रेत हुआ full महंगा।। ऐसा बिकता है सब्जी की देख के🥺,2026-08-25,CG Gulli boy comedy videos,https://www.youtube.com/watch?v=I_5Kz8_sEHc,rajnandgaon mandi bhav
Bhindi ka rate akaltara sabji mandi #aklatara #bilaspur ,2026-08-25,sahu sabji wala ,https://www.youtube.com/watch?v=G1aEYjX3JP8,bilaspur mandi sabji rate
तिफरा बिलासपुर सब्जी मंडी,2026-08-25,yenivsahu,https://www.youtube.com/watch?v=SxHGktp-kNI,bilaspur mandi sabji rate
24 August 2026 आज टमाटर में उछाल आया है धनिया सस्ता है Dhamdha Mandi Chhattisgarh #Rohansabjiwala,2026-08-24,ROHAN SABJIWALA ,https://www.youtube.com/watch?v=Hbx3N-TbY0Q,raipur mandi sabji rate
24 August खुखड़ी 750 रूपये कीलो बिक रहा है 😱#ambikapur#sabji #chhattisgarh #mandi #vlogs ,2026-08-24, Ashish08 Vlog,https://www.youtube.com/watch?v=IkLo-5kYG20,raipur mandi sabji rate
आज का प्याज भाव 🧅 Today Onion Price | प्याज मंडी भाव | 24 August 2026 |  Delhi keshopur mandi #pyaj,2026-08-24,Delhi Fresh Market,https://www.youtube.com/watch?v=wCzJZTJ-Wmo,chhattisgarh mandi bhav today
23 August भिंडी 45 रूपये कीलो बिक रहा है 😱#ambikapur#sabji #chhattisgarh #mandi #vlogs ,2026-08-23, Ashish08 Vlog,https://www.youtube.com/watch?v=1zoyecBdLe0,raipur mandi sabji rate
23 August Rajnandgaon thok sabji mandi bhav # #mandibhav#marketvlog#minivlog#sabjimandi#farmer,2026-08-23,Mr. Agriman..🌱,https://www.youtube.com/watch?v=rVN0lPvIdxY,rajnandgaon mandi bhav
23 August 2026 आज का टमाटर भाव Dhamdha Mandi Chhattisgarh #Rohansabjiwala #cg #farming #food ,2026-08-23,ROHAN SABJIWALA ,https://www.youtube.com/watch?v=TzSYpqeEhZs,chhattisgarh mandi bhav today
"Sona Chandi Taaja Bhav, 16 September 2026 Aaj Ka Sone Chandi Ka Bhav | Aaj Ka Sone Ka Bhav | Gold ",2026-08-23,Free me Jano,https://www.youtube.com/watch?v=P5MKzPcMeW0,chhattisgarh mandi bhav today
22 अगस्त 2026 आज तो और भी सस्ता हुआ सब्जियां Durg mandi Chhattisgarh.#cg #farming #viral #food ,2026-08-22,@mandi bhav-Durg,https://www.youtube.com/watch?v=OHXrqaKyR1s,raipur mandi sabji rate
22 August टामाटर 500रुपये करेट बिक रहा है 😱#ambikapur#sabji #chhattisgarh #mandi #vlogs ,2026-08-22, Ashish08 Vlog,https://www.youtube.com/watch?v=3Z5FIOvJqfc,raipur mandi sabji rate
Today 22/8/2026 gobin40/50 rupay thok rate  raipur dumartrai sabji mandi,2026-08-22,Raipur sabji Mandi,https://www.youtube.com/watch?v=iqAPcQbCL7E,raipur mandi sabji rate
रायपुर सब्जी मंडी में सब्जीक्या रेट है #video #reles,2026-08-22,Surjeet Kumar blog 9915,https://www.youtube.com/watch?v=Xorz5v3KEpQ,raipur mandi sabji rate
22/08/2026 || शनिवार बाज़ार || Palne Bale Bache || Bilaspur Bakra Mandi Saturday Market U.P,2026-08-22,KGF Kumar Goat Farm,https://www.youtube.com/watch?v=bZ-01SwHhtQ,bilaspur mandi sabji rate
22 August 2026 टमाटर मे आज तेजी है गोभी सस्ता है गंडई मंडी छत्तीसगढ़ #Rohansabjiwala #food #tomato ,2026-08-22,ROHAN SABJIWALA ,https://www.youtube.com/watch?v=A08rIoFDcmw,chhattisgarh mandi bhav today
😳सब्जी मंडी इंदौर // आज का थोक भाव 👍- sabji mandi indore mp #sabjimandi #indoremandi ,2026-08-21,Sabji Mandi Indore,https://www.youtube.com/watch?v=Xz79niv67ls,raipur mandi sabji rate
छत्तीसगढ़ का सबसे सस्ता फल मंडी fal mandi power house bhilai.#cg #viral #farming #fruit ,2026-08-21,@mandi bhav-Durg,https://www.youtube.com/watch?v=i8uligNpA1g,bhilai mandi sabji rate
21 August फूलगोभी 68 रुपये किलो बिक रहा है 😱#ambikapur#sabji #chhattisgarh #mandi #vlogs ,2026-08-21, Ashish08 Vlog,https://www.youtube.com/watch?v=9Qjz6A5vtu0,chhattisgarh mandi bhav today
"10 सितंबर 2026 प्याज में तेजी इंदौर मंडी। Iनndore Mandi Pyaj bhav,aaj ka pyaj bhav#onion_rates_today",2026-08-21,Aaj ke mandi bhav ,https://www.youtube.com/watch?v=TRb0zSOYCac,chhattisgarh mandi bhav today
Aaj ka pyaj bhav 21 August 2026 shajapur mandi || today pyaj rate || Aaj ka pyaj bhav,2026-08-21,Laksh Irrigation,https://www.youtube.com/watch?v=3ZXzSGDvI9M,chhattisgarh mandi bhav today
20 August Rajnandgaon sabji mandi bhav #mandibhav#marketvlog#minivlog# #farming#rajnandgaon,2026-08-20,Mr. Agriman..🌱,https://www.youtube.com/watch?v=S7i3BbtlDBQ,rajnandgaon mandi bhav
दुर्ग मंडी छत्तीसगढ़ #cg #viral #youtubeshorts #farming,2026-08-20,@mandi bhav-Durg,https://www.youtube.com/watch?v=b4DdgcB0-5o,chhattisgarh mandi bhav today
क्या प्याज की Pipe Line खाली है? भाव में होगा फिर सुधार | Onion Price Today | Azadpur Mandi #pyaj,2026-08-20,Delhi Fresh Market,https://www.youtube.com/watch?v=EKZwsavNwow,chhattisgarh mandi bhav today
20 अगस्त 2026 जानिए आज का मंडी भाव Durg mandi Chhattisgarh #farming #viral #cg ,2026-08-20,@mandi bhav-Durg,https://www.youtube.com/watch?v=M1DkpKnJTZA,chhattisgarh mandi bhav today
गेहूं के भूसा का भाव l भूसा का भाव क्या है /aaj ka bhusa ka bhav/bhusa ka rate today/gehu bhusa bhav,2026-08-20,Aligarh Mandi Bhav ,https://www.youtube.com/watch?v=dXBo1CCXOIs,chhattisgarh mandi bhav today
shajapur mandi pyaj ka bhav । 20 अगस्त 2026 शाजापुर मंडी प्याज भाव #pyajbhav #shajapurmandi,2026-08-20,FARMING NEWS,https://www.youtube.com/watch?v=9_CayR-Rw-4,chhattisgarh mandi bhav today
19 August Rajnandgaon sabji Mandi bhav #mandibhav#minivlog#marketvlog #farming #rajnandgaon,2026-08-19,Mr. Agriman..🌱,https://www.youtube.com/watch?v=rTroQ17Er9c,rajnandgaon mandi bhav
19 अगस्त 2026 सब्जियों के भाव में भारी गिरावट दुर्ग मंडी छत्तीसगढ़#cg #viral #farming .,2026-08-19,@mandi bhav-Durg,https://www.youtube.com/watch?v=swp8kWwvpgA,chhattisgarh mandi bhav today
Indore Mandi pyaj ka bhav ,2026-08-19,Mandi bhav indore,https://www.youtube.com/watch?v=5rbQkyb4e_0,chhattisgarh mandi bhav today
shajapur mandi pyaj ka bhav । 19 अगस्त 2026 शाजापुर मंडी प्याज भाव #pyajbhav #shajapurmandi,2026-08-19,FARMING NEWS,https://www.youtube.com/watch?v=Ry6UpMDcpkU,chhattisgarh mandi bhav today
18 August Rajnandgaon sabji mandi bhav #mandibhav##marketvlog#rajnandgaon# #farming #minivlog,2026-08-18,Mr. Agriman..🌱,https://www.youtube.com/watch?v=VZtRwlTikOQ,rajnandgaon mandi bhav
सब्जियों मे तेजी का माहौल 🤩 // sabji mandi indore - #sabji #mandi ,2026-08-18,Sabji Mandi Indore,https://www.youtube.com/watch?v=Lh4y6FYbmho,bilaspur mandi sabji rate
18 August 2026 आज का टमाटर भाव करेला भाटा खीरा सस्ता है Dhamdha Mandi Chhattisgarh #Rohansabjiwala ,2026-08-18,ROHAN SABJIWALA ,https://www.youtube.com/watch?v=9XwlJPjVTaM,chhattisgarh mandi bhav today
"Sona Chandi Aaj Ka Bhav,  Aaj Ka Sone Chandi Ka Bhav | Aaj Ka Sone Ka Bhav | Gold Rate",2026-08-18,Free me Jano,https://www.youtube.com/watch?v=Avosk8g-CNk,chhattisgarh mandi bhav today
16 August 2026 आज फिर टमाटर सस्ता हुआ Durg mandi Chhattisgarh.#cg #viral #farming,2026-08-16,@mandi bhav-Durg,https://www.youtube.com/watch?v=AqUQNa0rbHg,bhilai mandi sabji rate
16 August 2026 टमाटर मे तेजी है आज करेला भाटा सस्ता है Dhamdha Mandi Chhattisgarh #Rohansabjiwala ,2026-08-16,ROHAN SABJIWALA ,https://www.youtube.com/watch?v=45LOt-LNC78,chhattisgarh mandi bhav today
15 अगस्त 2026 आज टमाटर सस्ता है Durg mandi Chhattisgarh #cg #farming #viral #food ,2026-08-15,@mandi bhav-Durg,https://www.youtube.com/watch?v=9svHQOL9X-k,bhilai mandi sabji rate
15 August 2026 आज क्या भाव बिका टमाटर जानिए गंडई मंडी छत्तीसगढ़ से Rohansabjiwala #cg #farming #food,2026-08-15,ROHAN SABJIWALA ,https://www.youtube.com/watch?v=UQV3j0OlXgE,chhattisgarh mandi bhav today
"08 सितंबर 2026 ,लहसुन मंडी | Aaj Ka Lahsun Ka Bhav | Today lahsun #garlicratetoday",2026-08-15,Mandiyon Ke bhav,https://www.youtube.com/watch?v=k3WIqhb9eos,chhattisgarh mandi bhav today
14 August 2026 आज का टमाटर भाव Dhamdha Mandi Chhattisgarh #Rohansabjiwala #cg #farming #food ,2026-08-14,ROHAN SABJIWALA ,https://www.youtube.com/watch?v=T43MOmUrSSQ,chhattisgarh mandi bhav today
"Sona Chandi Taaja Bhav, 30 August 2026 Aaj Ka Sone Chandi Ka Bhav | Gold And Silver Price Today ",2026-08-14,Free me Jano,https://www.youtube.com/watch?v=CfWZA6aT7iY,chhattisgarh mandi bhav today
बरेली मंडी आज का थोक भाव || sabji rate today || 13 August 2026,2026-08-13,bpl Mourya vlog ,https://www.youtube.com/watch?v=BbjHg5A2bf0,bhilai mandi sabji rate
13 अगस्त 2026 टमाटर हुआ महंगा Durg mandi Chhattisgarh #farming #food #viral #cg ,2026-08-13,@mandi bhav-Durg,https://www.youtube.com/watch?v=qXjQXiijGfU,chhattisgarh mandi bhav today
12 अगस्त 2026 आज का मंडी भाव Durg mandi Chhattisgarh #cg #farming #food #viral  ,2026-08-12,@mandi bhav-Durg,https://www.youtube.com/watch?v=Kus34rNJkLM,chhattisgarh mandi bhav today
12 August 2026 Delhi 🍅 टमाटर होलसेल भाव | Keshopur Mandi | Today Tomato Rate #tamatar #tamatarmandi,2026-08-12,Delhi Fresh Market,https://www.youtube.com/watch?v=6-78qFHGHDo,chhattisgarh mandi bhav today
11 अगस्त 2026 आज का मंडी भाव Durg mandi Chhattisgarh #cg #viral #food #farming ,2026-08-11,@mandi bhav-Durg,https://www.youtube.com/watch?v=di8qjwPgp18,bhilai mandi sabji rate
Indore Mandi pyaj ka bhav ,2026-08-11,Mandi bhav indore,https://www.youtube.com/watch?v=Hi5cjXPdaiM,chhattisgarh mandi bhav today
10 August 2026 आज का टमाटर भाव Dhamdha Mandi Chhattisgarh #Rohansabjiwala #cg #farming #food ,2026-08-10,ROHAN SABJIWALA ,https://www.youtube.com/watch?v=AJnRgx7Vilc,chhattisgarh mandi bhav today
10 August सब्ज़ी  मैं  भारी गिरवट barbatti 10 रूपये किलो😱#ambikapur#sabji #chhattisgarh #mandi #vlog,2026-08-10, Ashish08 Vlog,https://www.youtube.com/watch?v=rYEALtRFsWo,chhattisgarh mandi bhav today
9 August 2026 छत्तीसगढ़ का टमाटर चालू करेला भाटा सस्ता है Rohansabjiwala #cg #farming #food ,2026-08-09,ROHAN SABJIWALA ,https://www.youtube.com/watch?v=w23zVjAMYtE,chhattisgarh mandi bhav today
8 August 2026 आज का टमाटर भाव Gandai mandi Chhattisgarh #Rohansabjiwala #cg #farming #food ,2026-08-08,ROHAN SABJIWALA ,https://www.youtube.com/watch?v=BpEknuuTYIs,chhattisgarh mandi bhav today
8 August 2026 Delhi 🍅 टमाटर होलसेल भाव | Keshopur Mandi | Today Tomato Rate #tamatar #tamatarmandi,2026-08-08,Delhi Fresh Market,https://www.youtube.com/watch?v=3A-COEYOMb4,chhattisgarh mandi bhav today
7 August 2026 टमाटर सस्ता है मिर्ची भी सस्ता हो रहा है tomoto price today #Rohansabjiwala #cg #food ,2026-08-07,ROHAN SABJIWALA ,https://www.youtube.com/watch?v=JfOp7eOIxN4,chhattisgarh mandi bhav today
सब्जियों के भाव मे तेजी या मद्दी 😳 | sabji mandi indore | #mirchi #tmatar ,2026-08-07,Sabji Mandi Indore,https://www.youtube.com/watch?v=qxJ_Q6k2uCc,chhattisgarh mandi bhav today
6 अगस्त 2026 आज का मंडी भाव Durg mandi Chhattisgarh #cg #farming #viral #food ,2026-08-06,@mandi bhav-Durg,https://www.youtube.com/watch?v=odJWoDthMB0,bhilai mandi sabji rate
6 August Rajnandgaon सब्जी मंडी भाव #mandibhav #minivlog# #farming #marketvlog #agriculture,2026-08-06,Mr. Agriman..🌱,https://www.youtube.com/watch?v=oJnltXiCovw,rajnandgaon mandi bhav
6 August Rajnandgaon सब्जी मंडी भाव # #mandibhav#marketvlog#minivlog #agriculture #farming,2026-08-06,Mr. Agriman..🌱,https://www.youtube.com/watch?v=TSLFsiXcbhk,rajnandgaon mandi bhav
6 August 2026 टमाटर सस्ता है Dhamdha Mandi Chhattisgarh #Rohansabjiwala #cg #farming #food ,2026-08-06,ROHAN SABJIWALA ,https://www.youtube.com/watch?v=yfyEHNZpCxc,chhattisgarh mandi bhav today
सब्जियों के भाव मे भारी गिरावट 😳 | sabji mandi indore | #mirchi ,2026-08-05,Sabji Mandi Indore,https://www.youtube.com/watch?v=Ui2_AOvbvKc,bhilai mandi sabji rate
5 August Rajnandgaon सब्जी मंडी भाव # #mandibhav#rajnandgaon#marketvlog #farming #minivlog,2026-08-05,Mr. Agriman..🌱,https://www.youtube.com/watch?v=7eWf4nBJZwY,rajnandgaon mandi bhav
4 August Rajnandgaon सब्जी मंडी भाव #mandibhav #farming#marketvlog#rajnandgaon,2026-08-04,Mr. Agriman..🌱,https://www.youtube.com/watch?v=7reW8OaAcoo,rajnandgaon mandi bhav
2 August Rajnandgaon थोक सब्जी मंडी भाव #mandibhav#market#rajnandgaon#marketvlog#minivlog,2026-08-02,Mr. Agriman..🌱,https://www.youtube.com/watch?v=3qoXHQMY97g,rajnandgaon mandi bhav
1 August Rajnandgaon ￼थोक सब्जी मंडी भाव #mandibhav#marketvlog#farmer#minivlog#rajnandgaon#market,2026-08-01,Mr. Agriman..🌱,https://www.youtube.com/watch?v=whR_qoOd5r4,rajnandgaon mandi bhav
31 July 2026 टमाटर हुआ सस्ता टमाटर भाव में गिरावट Durg mandi Chhattisgarh#cg #farming #viral #food ,2026-07-31,@mandi bhav-Durg,https://www.youtube.com/watch?v=ylqFm0Qn0K0,bhilai mandi sabji rate
30 July 2026 आज का मंडी भाव Durg mandi Chhattisgarh #@mandi bhav-Durg #cg #farming #food #viral ,2026-07-30,@mandi bhav-Durg,https://www.youtube.com/watch?v=_XLk6xNeu5o,rajnandgaon mandi bhav
28 जुलाई 2026 आज सब्जी टमाटर थोक मंडी भाव राजनांदगांव सब्जी मंडी today vegetables wholesale price ,2026-07-28,Hemant vaishnav ,https://www.youtube.com/watch?v=JzU8SLd2KqE,rajnandgaon mandi bhav
"बिलासपुर के बाजार में सांप के निकलते ही मचा हड़कंप, युवक घायल #bforbastar",2026-07-28,BFORBASTAR,https://www.youtube.com/watch?v=FoLkHQpxuiU,bilaspur mandi sabji rate
27 July 2026 आज का टमाटर भाव Dhamdha Mandi Chhattisgarh #Rohansabjiwala #cg #farming ,2026-07-27,ROHAN SABJIWALA ,https://www.youtube.com/watch?v=ZEz5dM7Iitg,bhilai mandi sabji rate
कवर्धा सब्जी मंडी आज का ताजा भाव // 22जुलाई2026 बारिश के कारण रेट में भारी गिरावट kawardha mandi ,2026-07-22,Cg Laxmi Vlogss,https://www.youtube.com/watch?v=vjcRmRkPuB8,bhilai mandi sabji rate
"आज अचानक बढ़ा सभी सब्जियों का रेट, देखें रिपोर्ट ",2026-07-15,JHARKHANDI VLOGGER,https://www.youtube.com/watch?v=q5459RS1chw,bhilai mandi sabji rate
सब्जियों के भाव रेट जानें 🥦🫑🥒🌶️ 14 जुलाई 2026 भोपाल मंडी #sabjiyan #सब्जियां,2026-07-14,कृषि  विचार,https://www.youtube.com/watch?v=TkLkVCpbXoc,bhilai mandi sabji rate
India chhatisgarh  Bilaspur  sabji mandi ,2026-07-14,Dilip Danuwar,https://www.youtube.com/watch?v=EibACT0pmXw,bilaspur mandi sabji rate
सब्जियों के भाव रेट जानें🥦🍆🥒🫑🌶️ 13 जुलाई 2026 भोपाल मंडी #सब्जियां  #vegetable #Bhopal_Mandi,2026-07-13,कृषि  विचार,https://www.youtube.com/watch?v=aQ4qcY61RZM,bhilai mandi sabji rate
01जुलाई 2026 आज कवर्धा सब्जी मंडी में पानी के भाव सब्जी kawardha mandi bhav Chhattisgarh ,2026-07-01,Cg Laxmi Vlogss,https://www.youtube.com/watch?v=5CdciwKYzjc,bilaspur mandi sabji rate
मूली का भाव बिलासपुर मंडी।। muli ka bhav Bilaspur Mandi #comedy #food #shorts #like,2026-06-27,Ganesh Sabji Vlogs ,https://www.youtube.com/watch?v=SKqo26dc2n0,bilaspur mandi sabji rate
Bhilai mandi today rate 24.06.26 ka#bhilai akashganga#bhilai sabji rate#bhilai sabji mandi#cg sabji,2026-06-24,lokesh sabji market ,https://www.youtube.com/watch?v=mV5cYObF9Ls,bhilai mandi sabji rate
"फल-सब्जी उपमंडी तिफरा, बिलासपुर 📍|| Fruit And Vegetables Mandi Tifra Bilaspur",2026-06-23,Chhattisgarh_Vibes ,https://www.youtube.com/watch?v=-NwrJUJX3WU,bilaspur mandi sabji rate
कवर्धा सब्जी मंडी आज का ताजा रेट देखिये 20/06/2026 kawardha chhattisgarh sabji mandi bhaw ,2026-06-20,Cg Laxmi Vlogss,https://www.youtube.com/watch?v=eTIvigfUVvc,bhilai mandi sabji rate
छत्तीसगढ़ का सबसे बड़ा सब्जी मंडी बिलासपुर  तिफरा सब्जी मंडी  😱 #bilaspursabjimandi #bilaspur ,2026-06-20,ATISH KI DUNIYA 🔥,https://www.youtube.com/watch?v=R-8wqU-JgTM,bilaspur mandi sabji rate
बिलासपुर तिफरा सब्जी मंडी  धनिया का रेट,2026-06-20,RK9 series ,https://www.youtube.com/watch?v=dSJQ-9F35XA,bilaspur mandi sabji rate
बीजुपारा सब्जी मंडी में आज सब्जियों का ताजा रेट।,2026-06-17,JHARKHANDI VLOGGER,https://www.youtube.com/watch?v=jQzOOr-g14I,bhilai mandi sabji rate
बिलासपुर तिफरा सब्जी मंडी #sabji  #minivlog,2026-06-17,RK9 series ,https://www.youtube.com/watch?v=sIVniFWtfh0,bilaspur mandi sabji rate
टमाटर का गिरा रेट बाकी सब्जियों ने तोड़ा रिकॉर्ड।,2026-06-15,JHARKHANDI VLOGGER,https://www.youtube.com/watch?v=jlwpp3tG_R8,bhilai mandi sabji rate
बिलासपुर तिफरा सब्जी मंडी धनिया का रेट #viral,2026-06-09,Kalyan   100k views.  5 minutes ago.              ,https://www.youtube.com/watch?v=dm7eZu1FtR8,bilaspur mandi sabji rate
बिलासपुर तिफरा सब्जी मंडी  #viral #sabji #bilsapur,2026-06-08,Kalyan   100k views.  5 minutes ago.              ,https://www.youtube.com/watch?v=MqFFURQustw,bilaspur mandi sabji rate
सब्जियों का अचानक बढ़ा रेट टमाटर ने मचाया तांडव। ब्राम्बे सब्जी मार्केट में बढ़ा सब्जियों का रेट।,2026-06-06,JHARKHANDI VLOGGER,https://www.youtube.com/watch?v=kEyozFpYrso,bhilai mandi sabji rate
बिलासपुर तिफ़रा सब्जी मंडी  /बरबती का रेट #viral,2026-06-06,Kalyan   100k views.  5 minutes ago.              ,https://www.youtube.com/watch?v=YKgsGrjKYrI,bilaspur mandi sabji rate
Bilaspur Sabji Mandi 🥦🥬🫑🌽 #bilaspurvlog #vegetablemarket #tifravlog #tifrasabjimandi,2026-06-03,Portable Vlogs,https://www.youtube.com/watch?v=_HLraytVVUE,bilaspur mandi sabji rate
🍅🫑🍏🥬🥦🥕सब्जी मंडी बिलासपुर// sabji mandi bilaspur//new video 2026,2026-05-27,PRAKASH BHAINA⭐,https://www.youtube.com/watch?v=-tYbh_Fm-24,bilaspur mandi sabji rate
sabji mandi bilaspur chhattisgarh//new video 2026 आम 10₹/-🥭,2026-05-24,PRAKASH BHAINA⭐,https://www.youtube.com/watch?v=z_6gFb6nC1w,bilaspur mandi sabji rate
क्या है आज का सब्जी थोक रेट || बरेली सब्जी मंडी का थोक भाव || today vegetable price ||,2026-05-23,bpl Mourya vlog ,https://www.youtube.com/watch?v=QL86lGw_dEI,bhilai mandi sabji rate
बिलासपुर तिफरा सब्जी मंडी टमाटर 🍅 बोली 600₹से 700₹किरेट tamatar,2026-05-20,Cg patel sabji wala ,https://www.youtube.com/watch?v=-pLP7aUTvbc,bilaspur mandi sabji rate
￼बिलासपुर तिफरा सब्जी मंडी टमाटर 🍅 के रेट 650₹से 700₹किरेट 17/5/2026,2026-05-17,Cg patel sabji wala ,https://www.youtube.com/watch?v=natNrG7o_4E,bilaspur mandi sabji rate
बिलासपुर सब्जी मंडी तिफरा बिलासपुर छत्तीसगढ़ लोकल टमाटर बोली 🍅 350/1050+₹कैरेट कोचई10 से 23₹kg,2026-05-16,Villager sabji wale,https://www.youtube.com/watch?v=clE3q2dGx5Q,bilaspur mandi sabji rate
Yeh hai Bhilai ka sabji mandi 😍#viral #minivlog#trending  #bhilai #sabji ,2026-05-12,sonu vlog 07 wala,https://www.youtube.com/watch?v=dOjgQyYcvFU,bhilai mandi sabji rate
Qurbani Goats 2026 || Saturday Market || Bakra Mandi Bilaspur Uttar Pradesh ,2026-05-09,KGF Kumar Goat Farm,https://www.youtube.com/watch?v=xtd5Auf7iT4,bilaspur mandi sabji rate
बिलासपुर सब्जी मंडी बैगन का रेट 10 रुपया,2026-05-05, Shriram nishad,https://www.youtube.com/watch?v=_ffqQZ-fX5M,bilaspur mandi sabji rate
"Bhilai Supela सब्जी मंडी का होगा Transfer, सब्जी व्यापारियों की बढ़ी चिंता…  || KP News ||",2026-04-27,KPNews,https://www.youtube.com/watch?v=l_KLhNNiYGI,bhilai mandi sabji rate
टमाटर बोली बिलासपुर तिफरा सब्जी मंडी #minivlog #reels #video #viral #song,2026-04-26,Cg patel sabji wala ,https://www.youtube.com/watch?v=DNTjd6oHD7g,bilaspur mandi sabji rate
अदरक 🫚 नीबू🍋‍🟩के रेट 20/4/2026 बिलासपुर तिफ़र सब्जी मंडी #minivlog #reels #video #viral,2026-04-20,Cg patel sabji wala ,https://www.youtube.com/watch?v=p-iv_KpDksY,bilaspur mandi sabji rate
बिलासपुर सब्जी मंडी टमाटर की रेट में क 250 रुपया से आईएस 300 का रेट,2026-04-19,Villager sabji wale,https://www.youtube.com/watch?v=o_yA0dcjN1k,bilaspur mandi sabji rate
बिलासपुर सब्जी मंडी छत्तीसगढ़ 100 रुपया कैरेटसे 120 का रेट 200करेत #बिलासपुर,2026-04-13,Villager sabji wale,https://www.youtube.com/watch?v=gDsIjjcd-FE,bilaspur mandi sabji rate
बीजुपारा सब्जी मंडी में आज सब्जी ताजा भाव। रेट सुनकर हैरान हो जाएंगे।,2026-04-08,JHARKHANDI VLOGGER,https://www.youtube.com/watch?v=zGrzkbrtKdk,bhilai mandi sabji rate
#बिलासपुर बिलासपुर सब्जी मंडी छत्तीसगढ़ टमाटर 120 से 200 रुपए का रेट आरएस 30 से 35 रुपए मिर्ची,2026-04-07,Villager sabji wale,https://www.youtube.com/watch?v=PgcaLMoYtts,bilaspur mandi sabji rate
3 अप्रैल 2026 आज का ताज़ा भाव | Dumartarai Wholesale Sabji Mandi Raipur ,2026-04-03,Sukramsona vlogs,https://www.youtube.com/watch?v=_HzlmLqIdLg,bhilai mandi sabji rate
बीजुपारा सब्जी मंडी में आज सब्जियों का बुरा हाल। टमाटर बिक रहा है दो रूपये किलो।,2026-04-03,JHARKHANDI VLOGGER,https://www.youtube.com/watch?v=DfamEeZxoVg,bhilai mandi sabji rate
😨 इतना सस्ता? ₹9 Rate in CG Mandi | Real Ground Report,2026-03-31,omprakash ausar,https://www.youtube.com/watch?v=xubkT4hipeU,bhilai mandi sabji rate
"टमाटर में उछाल आया,खरबूजा का थोक मंडी भाव जानिए,today tomato price ",2026-03-28,Pawan sabji vlog,https://www.youtube.com/watch?v=x7dWIcPrBJo,bhilai mandi sabji rate
 जानिये फल मंडी का ताजा भाव बहुत दिनों बाद आया पावर हाऊस भिलाई #Rohansabjiwala #cg #farming ,2026-03-26,ROHAN SABJIWALA ,https://www.youtube.com/watch?v=fDRn7l57vWY,bhilai mandi sabji rate
आज का मंडी भाव आज का टमाटर भाव भिलाई मंडी छत्तीसगढ़ #Rohansabjiwala #cg #farming #food #tomato ,2026-03-26,ROHAN SABJIWALA ,https://www.youtube.com/watch?v=7m1krwnvFT0,bhilai mandi sabji rate
SABZI MANDI BILASPUR🍆🫑🥕,2026-03-23,Bhagirathi Pradhan,https://www.youtube.com/watch?v=ZvhkhaCSu88,bilaspur mandi sabji rate
टमाटर रेट 80करेड दुर्ग सब्जी मंडी में इतवार के दिन #viral #vlogs #tamatar #sureshacter25 #durg #cg,2026-03-22,Sureshacter25,https://www.youtube.com/watch?v=jIuJYQJ_BbM,bhilai mandi sabji rate
#minivlog Bilaspur me retail sabji ke rate 💁‍♂️,2026-03-19,Shubham Gupta vlogs,https://www.youtube.com/watch?v=jUuTW2tzZhM,bilaspur mandi sabji rate
my new blog ##    Bilaspur sabji Market thok ke rate mein milta Hai 😭😞🙏🙏 pyar sambandh 🙏,2026-03-06,Kartik Yadav Vlogs🙏 Happy New 2025🙏,https://www.youtube.com/watch?v=70tDmlcNeb4,bilaspur mandi sabji rate
26 फरवरी 2026 आज सब्जी टमाटर थोक मंडी भाव। today wholesale vegetables price Rajnandgaon market C.G.,2026-02-26,Hemant vaishnav ,https://www.youtube.com/watch?v=FyqD05L00vg,bhilai mandi sabji rate
Bilaspur sabji mandi me bahut sara chana,2026-02-25,SYM Monu,https://www.youtube.com/watch?v=vEOVIKoN89s,bilaspur mandi sabji rate
 Chhattisgarh BILASPUR SABZI🍅 MANDI buy and sale 🍆🥒,2026-02-20,Bhagirathi Pradhan,https://www.youtube.com/watch?v=psA_TEumIVU,bilaspur mandi sabji rate
Kanwarram Super Cloth Market Bilaspur (Chhattisgarh)||supar market bilaspur cg||new video 2026,2026-02-17,Life with Prashant,https://www.youtube.com/watch?v=ec5uQWn-wsU,bilaspur mandi sabji rate
Sabji Mandi Tifra //Bilaspur //Chhattisgarh ,2026-02-05,Hasee,https://www.youtube.com/watch?v=jnGdJY6s2Yo,bilaspur mandi sabji rate
बुधवारी मछली बाजार बिलासपुर छत्तीसगढ़  ।।  Bhudhwari Fish Market Bilaspur chhattisgarh  ।।  Dk22 ,2026-01-14,Dk22,https://www.youtube.com/watch?v=KNwKlPWJr2E,bilaspur mandi sabji rate
"थोक सब्जी मंडी तिफारा, बिलासपुर छत्तीसगढ ।। Thok Sabji mandi Tifra Bilaspur Chhattisgarh ।।  Dk22 ",2026-01-13,Dk22,https://www.youtube.com/watch?v=P1eo8S-V1h8,bhilai mandi sabji rate
"शनिचरी मछली बाजार बिलासपुर छत्तीसगढ,Fish Market Bilaspur chhattisgarh। ",2026-01-11,Dk22,https://www.youtube.com/watch?v=sMuL8la8G3k,bilaspur mandi sabji rate
Bilaspur Budhwari Sabji Market | Sabse Sasta Vegetable Market in Chhattisgarh | Sabji Market Explore,2026-01-11,BusinessPUR,https://www.youtube.com/watch?v=xeQ2ouUGkzs,bilaspur mandi sabji rate
Sanichari Market Bilaspur | Sasta Bazar Chhattisgarh | Bilaspur Market  |  शनिचरी बाजार | बिलासपुर,2026-01-10,BusinessPUR,https://www.youtube.com/watch?v=jCA1wnohBl8,bilaspur mandi sabji rate
Bilaspur Brihaspati Sabji Market | Chhattisgarh Vegetable Market Explore | Cheap &amp; Fresh Veggies,2026-01-09,BusinessPUR,https://www.youtube.com/watch?v=kSFGo6_uEJc,bilaspur mandi sabji rate
Bilaspur Tifra Thok Sabzi Mandi बिलासपुर किफरा ठोक सब्ज़ी मंडी |सुबह की रौनक और ताज़ी सब्ज़ियाँ#vlog,2025-12-29,Saif with Vlogs ,https://www.youtube.com/watch?v=WNj2k3Sabow,bilaspur mandi sabji rate
  तिफरा सब्जी मंडी बिलासपुर Tifra sabji mandi Bilaspur chhattisgarh ,2025-11-30,sunny vastrakar,https://www.youtube.com/watch?v=MnOI_BEucSc,bilaspur mandi sabji rate
सब्जी मंडी रेट बिलासपुर (छ.ग.)2025 आज़ का भाव,2025-11-20,PRAKASH BHAINA⭐,https://www.youtube.com/watch?v=Jt7ZrjVHceM,bilaspur mandi sabji rate
सब्जी मंडी रेट बिलासपुर (छ.ग.)2025 आज़ का भाव,2025-11-19,PRAKASH BHAINA⭐,https://www.youtube.com/watch?v=XIiYr-5_JHY,bilaspur mandi sabji rate
सब्जी मंडी रेट बिलासपुर (छ.ग.)2025 आज़ का भाव,2025-11-17,PRAKASH BHAINA⭐,https://www.youtube.com/watch?v=SZdQ8CSYDjg,bilaspur mandi sabji rate
sabji mandi Bilaspur cg आज का भाव 2025,2025-11-12,PRAKASH BHAINA⭐,https://www.youtube.com/watch?v=VhrTfVcv_IM,bilaspur mandi sabji rate
sabji mandi Bilaspur cg आज का भाव 2025,2025-11-11,PRAKASH BHAINA⭐,https://www.youtube.com/watch?v=76FjBK3Qw0E,bilaspur mandi sabji rate
"GRAND NEWS BILASPUR- तिफरा सब्जी मंडी विवाद ने पकड़ा तूल, जांच टीम पहुंची बिलासपुर...",2025-10-25,Bilaspur Grand News ,https://www.youtube.com/watch?v=wezIkT5dxSU,bilaspur mandi sabji rate
दुर्ग छत्तीसगढ़ सब्जी मंडी भाव durg Chhattisgarh sabzi Mandi thok rate ,2025-10-05,समृद्ध स्वदेश,https://www.youtube.com/watch?v=1MGU1bIWjkI,bhilai mandi sabji rate
"25 August 2025 सब्जियों का होलसेल रेट पहाड़िया मंडी वाराणसी  #today market vegetable price, ",2025-08-25,Ashish Kumar vlogs,https://www.youtube.com/watch?v=sHhGJYaC7m8,bhilai mandi sabji rate
घुइया का भाव 👌 Arbi ka rate ❤️sabji mandi barabanki 🥕 #shafeeqmohammad #mandi #barabanki_news,2025-08-05,Shafeeq Barabanki ,https://www.youtube.com/watch?v=yI4Tmjk-Oug,bhilai mandi sabji rate
दुर्ग छत्तीसगढ़ सब्जी मंडी ओर भिलाई पॉवर हाउस फल मंडी 27 जुलाई 2025,2025-07-27,समृद्ध स्वदेश,https://www.youtube.com/watch?v=F53VtMb3TTg,bhilai mandi sabji rate
देखिए पावर हाउस भिलाई की फल मंडी #morbhilai #सबसे बड़ी फल मंडी भिलाई #fruitmarketbhilai,2025-07-14,Mor Bhilai ,https://www.youtube.com/watch?v=08I_iWXG-Kg,bhilai mandi sabji rate
सेब का भाव🥰 Apple rate today 😋 barabanki sabji Mandi 🥭 #shafeeqmohammad #mandinews #apple #fruits,2025-07-10,Shafeeq Barabanki ,https://www.youtube.com/watch?v=omuiTthdXR8,bhilai mandi sabji rate
8 June 2025 यहाँ मिलेगा सस्ता में टमाटर सुपेला भिलाई मंडी छत्तीसगढ़ aaj ka mandi #Rohansabjiwala,2025-06-08,ROHAN SABJIWALA ,https://www.youtube.com/watch?v=GiND4ewuK7M,bhilai mandi sabji rate
25 May 2025 Bhilai sabji mandi tamatar ka rate #tomato,2025-05-25,Alls Entertainment,https://www.youtube.com/watch?v=naYQfwBv-Vs,bhilai mandi sabji rate
भिलाई मंडी छत्तीसगढ़ cg vlog video #Rohansabjiwala,2025-05-25,ROHAN SABJIWALA ,https://www.youtube.com/watch?v=xf78dPO2F5s,bhilai mandi sabji rate
Bhilai sabji mandi Aaj tamatar ka bhav #tomato,2025-05-24,Alls Entertainment,https://www.youtube.com/watch?v=DKFaQ0m1yxA,bhilai mandi sabji rate
गोभी का मंडी भाव जानकर हैरान हो जाएंगे भिलाई सब्जी मंडी छत्तीसगढ़ #bhilai #gobhikamandibhav,2025-05-04,CG kalakar,https://www.youtube.com/watch?v=RlS5cVsHT2E,bhilai mandi sabji rate
टमाटर का हो गया सस्ता भिलाई छत्तीसगढ़ #tamatr #cg #bhilai,2025-05-03,CG kalakar,https://www.youtube.com/watch?v=bFxLLxR3SWE,bhilai mandi sabji rate
कटहल सस्ता है भिलाई मंडी छत्तीसगढ़ #Rohansabjiwala,2025-04-09,ROHAN SABJIWALA ,https://www.youtube.com/watch?v=3qRTtbddTRg,bhilai mandi sabji rate
9 April 2025  भिलाई पावर हाऊस फल मंडी छत्तीसगढ़ यहाँ सस्ता मिलेगा फल #Rohansabjiwala,2025-04-09,ROHAN SABJIWALA ,https://www.youtube.com/watch?v=Pn87C8q6a_Q,bhilai mandi sabji rate
भिंडी का मंडी भाव #cg #bhindi #भिंडी_की_खेती #bhilai,2025-03-29,CG kalakar,https://www.youtube.com/watch?v=ia8UN-PcSNM,bhilai mandi sabji rate
यहाँ मिलेगा कटहल भिलाई मंडी छत्तीसगढ़ tomoto price today aaj ka mandi bhav #Rohansabjiwala,2025-03-03,ROHAN SABJIWALA ,https://www.youtube.com/watch?v=ZeOXdzS6q5I,bhilai mandi sabji rate
Bhilai sabji mandi 🍅🍅🍅,2025-02-20,🙏जय जोहार संगवारी हो 🙏,https://www.youtube.com/watch?v=rS6Cp1K5O4c,bhilai mandi sabji rate
फल मंडी भिलाई#भिलाई #cgkisan #phalmandibhillai #cgreels,2025-02-09,CG kalakar,https://www.youtube.com/watch?v=bbM5a9Qndac,bhilai mandi sabji rate
BHILAI SABJI MARKET!!CG KALAKAR GITESH!! सब्जी मंडी!!cgvlog,2025-02-08,CG kalakar,https://www.youtube.com/watch?v=G2om7QcSddM,bhilai mandi sabji rate
दुर्ग मंडी सब्जी थोक रेट 23 जनवरी 2025,2025-01-23,समृद्ध स्वदेश,https://www.youtube.com/watch?v=JIA6MjYEC6M,bhilai mandi sabji rate
सुबह 5-7 बजे का दुर्ग सब्जी मंडी रेट 22 जनवरी 2025,2025-01-22,समृद्ध स्वदेश,https://www.youtube.com/watch?v=g3e_0JX-36c,bhilai mandi sabji rate
भिलाई सब्जी मंडी #semi ka मंडी भाव#cg #bhilai,2025-01-21,CG kalakar,https://www.youtube.com/watch?v=YAlRkAFuEUc,bhilai mandi sabji rate
गोरखपुर महेवा #SABJI मंडी थोक रेट  live #video #indianmarket ❤️❤️..…,2025-01-14,Sunny Nishad,https://www.youtube.com/watch?v=lU2wKTfd4fQ,bhilai mandi sabji rate
दुर्ग सब्जी मंडी सब्जियों थोक रेट 12 जनवरी 2025,2025-01-12,समृद्ध स्वदेश,https://www.youtube.com/watch?v=IR9WKryrRd8,bhilai mandi sabji rate
दुर्ग सब्जी मंडी सब्जियों थोक रेट 10 जनवरी 2025,2025-01-10,समृद्ध स्वदेश,https://www.youtube.com/watch?v=jPymGmIqdnA,bhilai mandi sabji rate
दुर्ग मंडी सब्जी थोक रेट 5 जनवरी 2025,2025-01-05,समृद्ध स्वदेश,https://www.youtube.com/watch?v=s5CRMwA9qkA,bhilai mandi sabji rate
दुर्ग मंडी सब्जी थोक रेट 3 जनवरी 2025,2025-01-03,समृद्ध स्वदेश,https://www.youtube.com/watch?v=8HGC8B3WTaE,bhilai mandi sabji rate
Jabalpur sabji mandi। जबलपुर टमाटर सब्जीमंडी। टमाटर का रेट हो गया काम। 8770461362#viralvideo #food,2025-01-03,mr. SK Sabji vlog ,https://www.youtube.com/watch?v=3ojbxZAtNFM,bhilai mandi sabji rate
दुर्ग मंडी सब्जी थोक रेट 31 दिसंबर 2024,2024-12-31,समृद्ध स्वदेश,https://www.youtube.com/watch?v=t5C9J3U1ebM,bhilai mandi sabji rate
दुर्ग सब्जी मंडी थोक रेट 26 दिसंबर  2024,2024-12-26,समृद्ध स्वदेश,https://www.youtube.com/watch?v=fWL1f5lBSfY,bhilai mandi sabji rate
पावर हाउस फल और दुर्ग सब्जी मंडी सब्जियों का थोक रेट,2024-12-01,समृद्ध स्वदेश,https://www.youtube.com/watch?v=qgLNFfQvUlI,bhilai mandi sabji rate
दुर्ग सब्जी मंडी थोक रेट 24 नवंबर 2024,2024-11-24,समृद्ध स्वदेश,https://www.youtube.com/watch?v=SUxasr3wfEU,bhilai mandi sabji rate
दुर्ग मंडी सब्जी थोक रेट 22 Nov 2024,2024-11-22,समृद्ध स्वदेश,https://www.youtube.com/watch?v=NqJL-69n2yc,bhilai mandi sabji rate
दुर्ग सब्जी मंडी भाव 21 नवंबर 2024। durg sabji Mandi thok rate 21 novmber 2024।,2024-11-21,समृद्ध स्वदेश,https://www.youtube.com/watch?v=9GxCA-50Xrw,bhilai mandi sabji rate
&quot;सब्जियों के थोक रेट में भारी उथल-पुथल | sabjiyo ka thok ret।,2024-10-28,समृद्ध स्वदेश,https://www.youtube.com/watch?v=MzgFMOZdRds,bhilai mandi sabji rate
आज का थोक रेट दुर्ग सब्जी मंडी।sabji Mandi thok ret!,2024-10-20,समृद्ध स्वदेश,https://www.youtube.com/watch?v=ubROjIliPAE,bhilai mandi sabji rate
दुर्ग सब्जी मंडी सब्जियों का थोक रेट। 05/10/24 #trending #shorts #धान,2024-10-05,समृद्ध स्वदेश,https://www.youtube.com/watch?v=Az69uwU19OM,bhilai mandi sabji rate
#आज_का_मंडी_भाव #mandibhavjankari #हरीमिर्च #दुबग्गा सब्जी मंडी भाव#हरी सब्जियों के रेट#मिर्चकाभाव।,2024-06-14,maurya agriculture,https://www.youtube.com/watch?v=fR5jh3yi4FM,bhilai mandi sabji rate
bhilai sabji mandi 10/02/24,2024-03-10,Rajendra Verma,https://www.youtube.com/watch?v=x703anwA42Y,bhilai mandi sabji rate
करेले का रेट नागपुर सब्जी मंडी में ।।   10.3.24,2024-03-10,Nagpur sabji mandi ,https://www.youtube.com/watch?v=mUMtc7r39QE,bhilai mandi sabji rate
आज दिल्ली की सब्जी मंडी में शिमला मिर्च का रेट 80 रुपए किलो 🍠🧄🧄🥥🪁💲🌞🥬🥑🍅🍠🧄🥝🥔🥔🪁🪁🌞🥬🥑🍅🍠🧄🥥🥥💲🌞🍅🍅🍠,2023-09-20,MODICARE SURBHI,https://www.youtube.com/watch?v=yXDHhqkw_wM,bhilai mandi sabji rate
सब्जी मंडी में टमाटर का रेट आज 30 रुपए किलो 🧅🥑🥝🧄🌞🌞🧿🧿💱🍅🧅🥑🥬🥝🥝🧄🌞,2023-09-06,SHILPA RANI 777,https://www.youtube.com/watch?v=6AtxG0kUIGI,bhilai mandi sabji rate
sabji Mandi supela bhilai || सब्जी मंडी सुपेला भिलाई || Bhilai ka sabse bada mandi,2023-06-04,Ravi With vlogs,https://www.youtube.com/watch?v=PIfh8T2SsWI,bhilai mandi sabji rate
दिल्ली की सब्जी मंडी में अरबी रेट 60 रूपये किलो  🍅🍑🥥🍠🌰🌰🍈🥔🧄🍒🥬🥬🥑🦘🍎🍎🥥🍍🍓🥝,2023-06-02,MODICARE SURBHI,https://www.youtube.com/watch?v=HQ4gYFefkpg,bhilai mandi sabji rate
अमरावती की सब्जी मंडी में आम 🥭🥭 mango का‌ रेट ‌50 रुपए किलो है 🥝🧅🥑🍅🥜🥜🍠🥥🧅🥭🍉🧄🥑,2023-05-29,SHILPA RANI 777,https://www.youtube.com/watch?v=G1Y6u5LmurI,bhilai mandi sabji rate
Bhilai ke famous power house market ❤️||#viral #shorts #short #mini,2023-05-24,CG Ravi VLOG,https://www.youtube.com/watch?v=m7i89ZFrTUk,bhilai mandi sabji rate
सब्जी मंडी में ताजा अरबी का रेट ₹40 किलो है🥥🍑🍑🧄🍉🥦🍠🌽🧅🍅🍍🥝🦘🥬🥑🥥,2023-05-22,SHILPA RANI 777,https://www.youtube.com/watch?v=em0iP4qN4fk,bhilai mandi sabji rate
SUPELA SABJI MANDI !! BHILAI MANDI !! CG KALAKAR VLOG !! CG VLOG (VLOG #52),2023-04-30,CG kalakar,https://www.youtube.com/watch?v=9xSfauSMhTg,bhilai mandi sabji rate
rajnandgaon Chhattisgarh subji Mandi #mandi #market #vegitable#rajnandgaon #cgviral #cg #shortvideo,2023-04-19,Mohit verma vlog,https://www.youtube.com/watch?v=8G-Mauuby2E,bhilai mandi sabji rate
धमतरी सब्जी मंडी VS सड़क में तरबूज || धमतरी सब्जी मंडी रेट || @dipaksahufarming,2023-04-07,Dipak Sahu Farming,https://www.youtube.com/watch?v=2SHqvU9lFy8,bhilai mandi sabji rate
कुरूद सब्जी मंडी रेट 100 रू क्रेट टमाटर || चना बूट बेचने गए || #kurud #सब्जी_mandi_bhav,2023-01-13,Dipak Sahu Farming,https://www.youtube.com/watch?v=gKJEYXB-ueA,bhilai mandi sabji rate
भिलाई नाइट सब्जी मार्केट || Bhilai Night Sabji Market || #bhilai #sabjimarket #market #sabji,2022-10-29,BC vlogs,https://www.youtube.com/watch?v=6Gt8m_Rb7iM,bhilai mandi sabji rate
Durg Sabji Market | So fresh Vegetables at half of rate,2022-06-05,Vishal Jogiya,https://www.youtube.com/watch?v=Hhp5ydXSb-o,bhilai mandi sabji rate
धमधा मंडी से Live कौन से सब्जी का कितना रेट चल रहा हैं किसका है बुरा हाल | आज का ताजा | Mandi khabar,2022-04-09,Yuva kisan,https://www.youtube.com/watch?v=QTwIlzwcW-g,bhilai mandi sabji rate
